{
    "number_of_pomdps_in_family": "1",
    "num_training_steps_per_iteration": "301",
    "average_rl_return_subset_simulated": "[26.334204, 23.946636, 25.417015, 33.44952, 33.80669, 35.86344, 31.666882, 33.092396, 27.416206, 28.031334]",
    "average_rl_reachability_subset_simulated": "[0.8659589780496582, 0.8792764773285316, 0.7359228362877998, 0.6779351301964367, 0.6437087625882625, 0.6995713410900184, 0.7824163969795038, 0.7621841155234657, 0.8931820313232673, 0.8211000383288616]",
    "average_extracted_fsc_return_subset_simulated": "[-25.368212, -24.165184, -25.459738, -33.487877, -34.908703, -36.3676, -32.020203, -33.366127, -27.346945, -28.323513]",
    "average_extracted_fsc_reachability_subset_simulated": "[0.8608305274971941, 0.8813405797101449, 0.7330328508277715, 0.6772908366533864, 0.64120151371807, 0.7084820878985596, 0.7820986313273952, 0.7596513075965131, 0.8846618919170309, 0.8192759483920662]",
    "family_performance": "[0.4911265811757652, 0.4753942889266726, 0.5048669342890693, 0.5518245465301153, 0.5587165163324007, 0.5559976204554237, 0.5215904242776136, 0.5273441313810054, 0.5363573234060595, 0.5586462763015042]",
    "available_nodes_in_fsc": "[array([ True,  True,  True,  True,  True,  True,  True,  True,  True,\n        True]), array([ True,  True,  True,  True,  True,  True,  True,  True,  True,\n        True]), array([ True,  True,  True,  True,  True,  True,  True,  True,  True,\n        True]), array([ True,  True,  True,  True,  True,  True,  True,  True,  True,\n        True]), array([ True,  True,  True,  True,  True,  True,  True,  True,  True,\n        True]), array([ True,  True,  True,  True,  True,  True,  True,  True,  True,\n        True]), array([ True,  True,  True,  True,  True,  True,  True,  True,  True,\n        True]), array([ True,  True,  True,  True,  True,  True,  True,  True,  True,\n        True]), array([ True,  True,  True,  True,  True,  True,  True,  True,  True,\n        True]), array([ True,  True,  True,  True,  True,  True,  True,  True,  True,\n        True])]",
    "worst_case_pomdp_values_simulated_rl": "[]",
    "worst_case_pomdp_values_simulated_fsc": "[]",
    "was_worst_case_same_as_simulated": "[]",
    "worst_case_index_rl": "[]",
    "worst_case_index_fsc": "[]",
    "worst_case_index_paynt": "[]",
    "environment_type": "batched_vec_storm",
    "number_of_extraction_trajectories": "[]",
    "extraction_type": "si-g",
    "lstm_width": 32,
    "extraction_less": true,
    "geometric_batched_vec_storm": true,
    "periodic_restarts": false,
    "worst_case_on_subset_rl": "[]",
    "worst_case_on_subset_fsc": "[]",
    "worst_cases_reachability_rl": "[]",
    "worst_cases_reachability_fsc": "[]",
    "period_between_worst_case_evaluation": "5",
    "shrink_and_perturb_activated": "[False, False, False, False, False, False, False, False, False, False]",
    "nr_of_clusters": "[649, 647, 574, 439, 421, 508, 596, 553, 695, 614]",
    "lstm_extracted_reachability": "[]",
    "lstm_extracted_return": "[]",
    "seed": "12345",
    "initial_time": "1759357260.8343458",
    "rl_training_times": "[267.55785179138184, 602.4921417236328, 928.0506284236908, 1253.1353950500488, 1577.9454445838928, 1911.599059343338, 2241.0509703159332, 2579.9612793922424, 2918.095267534256, 3248.0150623321533]",
    "fsc_extraction_times": "[498.01210284233093, 831.0855121612549, 1156.6644945144653, 1481.8102583885193, 1807.3966131210327, 2142.3134207725525, 2471.491576194763, 2816.679988384247, 3149.8676109313965, 3480.1416351795197]",
    "family_performance_times": "[550.7616255283356, 876.1460444927216, 1198.856160402298, 1524.5784237384796, 1857.2308597564697, 2186.406079053879, 2525.433449983597, 2865.236927509308, 3191.8921613693237, 3514.598774433136]",
    "worst_case_evaluation_times_rl": "[]",
    "worst_case_evaluation_times_fsc": "[]",
    "lstm_extracted_result_times": "[]",
    "cluster_evaluation_times": "[304.6183125972748, 639.7490644454956, 965.8092832565308, 1290.905996799469, 1615.5502829551697, 1949.6069905757904, 2279.0674226284027, 2618.203450679779, 2956.326485157013, 3286.3726568222046]"
}