{
    "number_of_pomdps_in_family": "1",
    "num_training_steps_per_iteration": "301",
    "average_rl_return_subset_simulated": "[27.646976, 40.75665, 56.413082, 55.004383, 45.07505, 44.097397, 41.42031, 42.499195]",
    "average_rl_reachability_subset_simulated": "[0.8081532509200717, 0.629095491458975, 0.5513651541936752, 0.5071469411092052, 0.464723212901225, 0.46793708408953416, 0.4480113636363636, 0.44156793915459996]",
    "average_extracted_fsc_return_subset_simulated": "[-37.092907, -44.39427, -56.808712, -55.90973, -62.390602, -121.015884, -41.131737, -41.060303]",
    "average_extracted_fsc_reachability_subset_simulated": "[0.778782172002511, 0.5947249434815373, 0.5308809293320426, 0.48012869038607114, 0.4682117797150755, 0.48475740661227995, 0.4351761593092884, 0.4465749617896346]",
    "family_performance": "[0.43459418147428586, 0.442756323926679, 0.4477387130067206, 0.4530811167625861, 0.46007646764282917, 0.48478818009337094, 0.44560335648713095, 0.4429412222989358]",
    "available_nodes_in_fsc": "[array([ True,  True,  True,  True,  True,  True,  True,  True,  True,\n        True]), array([ True,  True,  True,  True,  True,  True,  True,  True,  True,\n        True]), array([ True,  True,  True,  True,  True,  True,  True,  True,  True,\n        True]), array([ True,  True,  True,  True,  True,  True,  True,  True,  True,\n        True]), array([ True,  True,  True,  True,  True,  True,  True,  True,  True,\n        True]), array([ True,  True,  True,  True,  True,  True,  True,  True,  True,\n        True]), array([ True,  True,  True,  True,  True,  True,  True,  True,  True,\n        True]), array([ True,  True,  True,  True,  True,  True,  True,  True,  True,\n        True])]",
    "worst_case_pomdp_values_simulated_rl": "[]",
    "worst_case_pomdp_values_simulated_fsc": "[]",
    "was_worst_case_same_as_simulated": "[]",
    "worst_case_index_rl": "[]",
    "worst_case_index_fsc": "[]",
    "worst_case_index_paynt": "[]",
    "environment_type": "batched_vec_storm",
    "number_of_extraction_trajectories": "[]",
    "extraction_type": "si-g",
    "lstm_width": 32,
    "extraction_less": false,
    "geometric_batched_vec_storm": true,
    "periodic_restarts": false,
    "worst_case_on_subset_rl": "[]",
    "worst_case_on_subset_fsc": "[]",
    "worst_cases_reachability_rl": "[]",
    "worst_cases_reachability_fsc": "[]",
    "period_between_worst_case_evaluation": "5",
    "shrink_and_perturb_activated": "[False, False, False, False, False, False, False, False]",
    "nr_of_clusters": "[637, 357, 241, 252, 272, 316, 324, 328]",
    "lstm_extracted_reachability": "[]",
    "lstm_extracted_return": "[]",
    "seed": "23456",
    "initial_time": "1759360862.0560215",
    "rl_training_times": "[269.7828824520111, 653.8674864768982, 1020.2149894237518, 1412.7886052131653, 1808.5124230384827, 2264.8881692886353, 2717.0684611797333, 3076.308426618576]",
    "fsc_extraction_times": "[500.6192615032196, 885.573263168335, 1253.158343076706, 1642.4479138851166, 2039.0190081596375, 2500.968752145767, 2948.9564185142517, 3313.9451167583466]",
    "family_performance_times": "[600.9135956764221, 969.5673868656158, 1361.6756010055542, 1757.1643462181091, 2213.251581430435, 2665.1755611896515, 3024.550435066223, 3360.908558368683]",
    "worst_case_evaluation_times_rl": "[]",
    "worst_case_evaluation_times_fsc": "[]",
    "lstm_extracted_result_times": "[]",
    "cluster_evaluation_times": "[307.09372329711914, 690.8832437992096, 1057.8264601230621, 1450.0106167793274, 1845.9500205516815, 2302.837270975113, 2754.9848392009735, 3114.311288356781]"
}