{
    "number_of_pomdps_in_family": "1",
    "num_training_steps_per_iteration": "301",
    "average_rl_return_subset_simulated": "[41.59493, 38.391094, 43.768093, 38.275726, 41.036617, 42.628242, 38.51349]",
    "average_rl_reachability_subset_simulated": "[0.6188577125765561, 0.5782974251182343, 0.5957478890229192, 0.5625818277035873, 0.5810886644219978, 0.6099311557052878, 0.5563889985524411]",
    "average_extracted_fsc_return_subset_simulated": "[-41.957264, -42.79764, -48.466213, -38.092045, -40.08774, -44.84172, -39.72034]",
    "average_extracted_fsc_reachability_subset_simulated": "[0.5896634956694591, 0.48747086247086246, 0.5063604824054188, 0.5301018434961969, 0.5533940960413549, 0.5838528204348488, 0.5344363734194243]",
    "family_performance": "[0.4697377002196111, 0.450820862262949, 0.48271860773965747, 0.5307857465328725, 0.5449080219471024, 0.5706211485261407, 0.5303083799560959]",
    "available_nodes_in_fsc": "[array([ True,  True,  True,  True,  True,  True,  True,  True]), array([ True,  True,  True,  True,  True,  True,  True,  True,  True,\n        True,  True,  True]), array([ True,  True,  True,  True,  True,  True,  True]), array([ True,  True,  True,  True,  True,  True,  True,  True,  True,\n        True]), array([ True,  True,  True,  True,  True,  True,  True,  True,  True,\n        True]), array([ True,  True,  True,  True,  True,  True,  True,  True,  True]), array([ True,  True,  True,  True,  True,  True,  True,  True])]",
    "worst_case_pomdp_values_simulated_rl": "[]",
    "worst_case_pomdp_values_simulated_fsc": "[]",
    "was_worst_case_same_as_simulated": "[]",
    "worst_case_index_rl": "[]",
    "worst_case_index_fsc": "[]",
    "worst_case_index_paynt": "[]",
    "environment_type": "batched_vec_storm",
    "number_of_extraction_trajectories": "[]",
    "extraction_type": "alergia",
    "lstm_width": 32,
    "extraction_less": false,
    "geometric_batched_vec_storm": true,
    "periodic_restarts": false,
    "worst_case_on_subset_rl": "[]",
    "worst_case_on_subset_fsc": "[]",
    "worst_cases_reachability_rl": "[]",
    "worst_cases_reachability_fsc": "[]",
    "period_between_worst_case_evaluation": "5",
    "shrink_and_perturb_activated": "[False, False, False, False, False, False, False]",
    "nr_of_clusters": "[416, 436, 471, 421, 496, 543, 442]",
    "lstm_extracted_reachability": "[]",
    "lstm_extracted_return": "[]",
    "seed": "45678",
    "initial_time": "1759395397.2123976",
    "rl_training_times": "[272.29995369911194, 622.0423672199249, 972.9194071292877, 1239.5130228996277, 1594.709636926651, 1916.1844763755798, 2237.1077349185944]",
    "fsc_extraction_times": "[376.39274430274963, 725.825850725174, 1075.9568543434143, 1345.3415796756744, 1699.8767459392548, 2020.847312450409, 2356.548830986023]",
    "family_performance_times": "[568.0742301940918, 918.8349325656891, 1184.8613381385803, 1539.0850157737732, 1862.3429355621338, 2178.762134075165, 2465.9320907592773]",
    "worst_case_evaluation_times_rl": "[]",
    "worst_case_evaluation_times_fsc": "[]",
    "lstm_extracted_result_times": "[]",
    "cluster_evaluation_times": "[304.5002706050873, 654.787271976471, 1005.2353804111481, 1273.7988014221191, 1627.2059247493744, 1948.768477678299, 2271.443904876709]"
}