{
    "number_of_pomdps_in_family": "1",
    "num_training_steps_per_iteration": "301",
    "average_rl_return_subset_simulated": "[41.59493, 39.071526, 46.58879, 40.194637, 44.003326]",
    "average_rl_reachability_subset_simulated": "[0.6188577125765561, 0.589271417133707, 0.6212970376301041, 0.5602475928473177, 0.5738249962218528]",
    "average_extracted_fsc_return_subset_simulated": "[-40.05396, -37.244392, -46.604805, -40.301804, -44.783375]",
    "average_extracted_fsc_reachability_subset_simulated": "[0.6095444685466378, 0.5541971262919082, 0.6030667088207398, 0.5607425607425608, 0.5587075242718447]",
    "family_performance": "[0.5270695944861612, 0.5366917070674102, 0.5821037469914814, 0.5520551446704204, 0.560586305475989]",
    "available_nodes_in_fsc": "[array([ True,  True,  True,  True,  True,  True,  True,  True,  True,\n        True]), array([ True,  True,  True,  True,  True,  True,  True,  True,  True,\n        True]), array([ True,  True,  True,  True,  True,  True,  True,  True,  True,\n        True]), array([ True,  True,  True,  True,  True,  True,  True,  True,  True,\n        True]), array([ True,  True,  True,  True,  True,  True,  True,  True,  True,\n        True])]",
    "worst_case_pomdp_values_simulated_rl": "[]",
    "worst_case_pomdp_values_simulated_fsc": "[]",
    "was_worst_case_same_as_simulated": "[]",
    "worst_case_index_rl": "[]",
    "worst_case_index_fsc": "[]",
    "worst_case_index_paynt": "[]",
    "environment_type": "batched_vec_storm",
    "number_of_extraction_trajectories": "[]",
    "extraction_type": "si-g",
    "lstm_width": 32,
    "extraction_less": false,
    "geometric_batched_vec_storm": true,
    "periodic_restarts": false,
    "worst_case_on_subset_rl": "[]",
    "worst_case_on_subset_fsc": "[]",
    "worst_cases_reachability_rl": "[]",
    "worst_cases_reachability_fsc": "[]",
    "period_between_worst_case_evaluation": "5",
    "shrink_and_perturb_activated": "[False, False, False, False, False]",
    "nr_of_clusters": "[416, 436, 464, 406, 386]",
    "lstm_extracted_reachability": "[]",
    "lstm_extracted_return": "[]",
    "seed": "45678",
    "initial_time": "1759391793.8159611",
    "rl_training_times": "[278.44309163093567, 883.8774936199188, 1486.4275579452515, 2061.016214609146, 2580.7649354934692]",
    "fsc_extraction_times": "[515.4528031349182, 1120.4853456020355, 1720.451111793518, 2313.587165117264, 2813.933179616928]",
    "family_performance_times": "[826.1011102199554, 1428.0631215572357, 2002.8724813461304, 2526.6727154254913, 3062.4198064804077]",
    "worst_case_evaluation_times_rl": "[]",
    "worst_case_evaluation_times_fsc": "[]",
    "lstm_extracted_result_times": "[]",
    "cluster_evaluation_times": "[311.2243843078613, 920.151350736618, 1521.6369032859802, 2098.2473335266113, 2614.1005103588104]"
}