{
    "number_of_pomdps_in_family": "1",
    "num_training_steps_per_iteration": "301",
    "average_rl_return_subset_simulated": "[34.39648, 38.74526, 38.808136, 45.26456, 44.376923, 44.99076, 40.898087, 38.668346, 47.40363, 46.741497]",
    "average_rl_reachability_subset_simulated": "[0.7238709677419355, 0.6480031842908319, 0.6082967690466693, 0.6046402989722828, 0.5874562338255442, 0.5855273287143957, 0.5892606128760192, 0.6548250265111347, 0.629883930031061, 0.5987107171635777]",
    "average_extracted_fsc_return_subset_simulated": "[-37.009644, -43.74922, -37.322144, -43.688713, -45.69952, -43.83202, -41.06063, -39.804646, -46.97662, -47.29256]",
    "average_extracted_fsc_reachability_subset_simulated": "[0.7037825651302605, 0.6085862324204293, 0.5577287066246057, 0.5657641662967895, 0.5712071904540523, 0.5421812230322869, 0.5627868168544014, 0.6064533549345213, 0.6235088277397804, 0.5679705033664636]",
    "family_performance": "[0.4800235691810686, 0.5209658744688215, 0.5068404856310889, 0.5546186603788941, 0.5516866032382628, 0.5366496794657871, 0.5285453709624914, 0.5327492619079984, 0.5758177799316412, 0.554339256791064]",
    "available_nodes_in_fsc": "[array([ True,  True,  True,  True,  True,  True,  True,  True,  True,\n        True]), array([ True,  True,  True,  True,  True,  True,  True,  True,  True,\n        True,  True]), array([ True,  True,  True,  True,  True,  True,  True,  True,  True,\n        True,  True]), array([ True,  True,  True,  True,  True,  True,  True,  True,  True,\n        True]), array([ True,  True,  True,  True,  True,  True,  True,  True,  True,\n        True,  True]), array([ True,  True,  True,  True,  True,  True,  True,  True]), array([ True,  True,  True,  True,  True,  True,  True,  True,  True]), array([ True,  True,  True,  True,  True,  True,  True,  True,  True,\n        True]), array([ True,  True,  True,  True,  True,  True,  True,  True,  True]), array([ True,  True,  True,  True,  True,  True,  True])]",
    "worst_case_pomdp_values_simulated_rl": "[]",
    "worst_case_pomdp_values_simulated_fsc": "[]",
    "was_worst_case_same_as_simulated": "[]",
    "worst_case_index_rl": "[]",
    "worst_case_index_fsc": "[]",
    "worst_case_index_paynt": "[]",
    "environment_type": "batched_vec_storm",
    "number_of_extraction_trajectories": "[]",
    "extraction_type": "alergia",
    "lstm_width": 32,
    "extraction_less": false,
    "geometric_batched_vec_storm": true,
    "periodic_restarts": false,
    "worst_case_on_subset_rl": "[]",
    "worst_case_on_subset_fsc": "[]",
    "worst_cases_reachability_rl": "[]",
    "worst_cases_reachability_fsc": "[]",
    "period_between_worst_case_evaluation": "5",
    "shrink_and_perturb_activated": "[False, False, False, False, False, False, False, False, False, False]",
    "nr_of_clusters": "[378, 368, 394, 353, 370, 367, 396, 497, 395, 364]",
    "lstm_extracted_reachability": "[]",
    "lstm_extracted_return": "[]",
    "seed": "34567",
    "initial_time": "1759375268.3045127",
    "rl_training_times": "[268.1026084423065, 673.3885025978088, 979.9485266208649, 1346.2689650058746, 1662.0778295993805, 2012.3777997493744, 2346.533083677292, 2642.7202246189117, 2996.4667201042175, 3248.197116613388]",
    "fsc_extraction_times": "[375.61288380622864, 779.6611678600311, 1090.5389468669891, 1453.3189470767975, 1772.4605031013489, 2122.7470343112946, 2457.395762205124, 2750.6247346401215, 3103.731631040573, 3357.136261701584]",
    "family_performance_times": "[620.4803123474121, 926.8875288963318, 1292.4114344120026, 1610.0772588253021, 1957.224811077118, 2290.330053806305, 2587.223715543747, 2940.487986803055, 3192.2187950611115, 3453.9024336338043]",
    "worst_case_evaluation_times_rl": "[]",
    "worst_case_evaluation_times_fsc": "[]",
    "lstm_extracted_result_times": "[]",
    "cluster_evaluation_times": "[305.16055727005005, 710.5019645690918, 1017.4779546260834, 1383.8892228603363, 1699.8935101032257, 2050.4734370708466, 2384.5403439998627, 2680.347280740738, 3034.2114868164062, 3286.144698381424]"
}