{
    "number_of_pomdps_in_family": "1",
    "num_training_steps_per_iteration": "301",
    "average_rl_return_subset_simulated": "[34.39648, 32.88311, 31.276558, 35.11491, 33.36046, 32.08385, 29.40376]",
    "average_rl_reachability_subset_simulated": "[0.7238709677419355, 0.7779894654264261, 0.8433233788395904, 0.7391147894926232, 0.7296835875256089, 0.7462556029299223, 0.7095736122284795]",
    "average_extracted_fsc_return_subset_simulated": "[-34.88939, -31.731815, -30.920458, -34.43882, -33.36071, -31.972914, -29.33801]",
    "average_extracted_fsc_reachability_subset_simulated": "[0.7088607594936709, 0.765123025679596, 0.8326346677845315, 0.7283331389245306, 0.7156574785359241, 0.7341278439869989, 0.7055721393034826]",
    "family_performance": "[0.5256819431225165, 0.47357118045501134, 0.48105134935462557, 0.4960124369715271, 0.47807929514676184, 0.4772491420573688, 0.5237779510057983]",
    "available_nodes_in_fsc": "[array([ True,  True,  True,  True,  True,  True,  True,  True,  True,\n        True]), array([ True,  True,  True,  True,  True,  True,  True,  True,  True,\n        True]), array([ True,  True,  True,  True,  True,  True,  True,  True,  True,\n        True]), array([ True,  True,  True,  True,  True,  True,  True,  True,  True,\n        True]), array([ True,  True,  True,  True,  True,  True,  True,  True,  True,\n        True]), array([ True,  True,  True,  True,  True,  True,  True,  True,  True,\n        True]), array([ True,  True,  True,  True,  True,  True,  True,  True,  True,\n        True])]",
    "worst_case_pomdp_values_simulated_rl": "[]",
    "worst_case_pomdp_values_simulated_fsc": "[]",
    "was_worst_case_same_as_simulated": "[]",
    "worst_case_index_rl": "[]",
    "worst_case_index_fsc": "[]",
    "worst_case_index_paynt": "[]",
    "environment_type": "batched_vec_storm",
    "number_of_extraction_trajectories": "[]",
    "extraction_type": "si-g",
    "lstm_width": 32,
    "extraction_less": true,
    "geometric_batched_vec_storm": true,
    "periodic_restarts": false,
    "worst_case_on_subset_rl": "[]",
    "worst_case_on_subset_fsc": "[]",
    "worst_cases_reachability_rl": "[]",
    "worst_cases_reachability_fsc": "[]",
    "period_between_worst_case_evaluation": "5",
    "shrink_and_perturb_activated": "[False, False, False, False, False, False, False]",
    "nr_of_clusters": "[378, 476, 820, 573, 595, 677, 507]",
    "lstm_extracted_reachability": "[]",
    "lstm_extracted_return": "[]",
    "seed": "34567",
    "initial_time": "1759388190.222327",
    "rl_training_times": "[273.196658372879, 737.769570350647, 1148.9476609230042, 1548.4072940349579, 1974.3839643001556, 2455.930103302002, 2899.1807091236115]",
    "fsc_extraction_times": "[499.4698221683502, 980.047845363617, 1388.1595697402954, 1780.6798841953278, 2208.3355765342712, 2693.8513786792755, 3134.795554161072]",
    "family_performance_times": "[683.7412731647491, 1093.9368064403534, 1492.2179617881775, 1917.5756363868713, 2398.9074206352234, 2843.232178926468, 3292.0250630378723]",
    "worst_case_evaluation_times_rl": "[]",
    "worst_case_evaluation_times_fsc": "[]",
    "lstm_extracted_result_times": "[]",
    "cluster_evaluation_times": "[304.2379138469696, 771.0598065853119, 1182.3665294647217, 1580.2701444625854, 2006.6805531978607, 2487.816636323929, 2932.149175643921]"
}