{
    "number_of_pomdps_in_family": "1",
    "num_training_steps_per_iteration": "301",
    "average_rl_return_subset_simulated": "[26.511038, 30.174992, 30.032482, 35.539776, 26.164759, 27.010593, 26.703556]",
    "average_rl_reachability_subset_simulated": "[0.8042888165038002, 0.8294366052116593, 0.7415718823649964, 0.6916080523890371, 0.8460575719649562, 0.7599484156226971, 0.770464904284412]",
    "average_extracted_fsc_return_subset_simulated": "[-26.805017, -29.643784, -30.419111, -35.87623, -26.280462, -26.958921, -26.12848]",
    "average_extracted_fsc_reachability_subset_simulated": "[0.8087591240875912, 0.8337521358930545, 0.7352272727272727, 0.6963960684382964, 0.8455000894614422, 0.7497707683843756, 0.7675060058724086]",
    "family_performance": "[0.4952755067547562, 0.5081310612993183, 0.5265239913576931, 0.514121234857442, 0.47874308783383746, 0.5085399740793414, 0.5196965897229473]",
    "available_nodes_in_fsc": "[array([ True,  True,  True,  True,  True,  True,  True,  True,  True,\n        True]), array([ True,  True,  True,  True,  True,  True,  True,  True,  True,\n        True]), array([ True,  True,  True,  True,  True,  True,  True,  True,  True,\n        True]), array([ True,  True,  True,  True,  True,  True,  True,  True,  True,\n        True]), array([ True,  True,  True,  True,  True,  True,  True,  True,  True,\n        True]), array([ True,  True,  True,  True,  True,  True,  True,  True,  True,\n        True]), array([ True,  True,  True,  True,  True,  True,  True,  True,  True,\n        True])]",
    "worst_case_pomdp_values_simulated_rl": "[]",
    "worst_case_pomdp_values_simulated_fsc": "[]",
    "was_worst_case_same_as_simulated": "[]",
    "worst_case_index_rl": "[]",
    "worst_case_index_fsc": "[]",
    "worst_case_index_paynt": "[]",
    "environment_type": "batched_vec_storm",
    "number_of_extraction_trajectories": "[]",
    "extraction_type": "si-g",
    "lstm_width": 32,
    "extraction_less": true,
    "geometric_batched_vec_storm": true,
    "periodic_restarts": false,
    "worst_case_on_subset_rl": "[]",
    "worst_case_on_subset_fsc": "[]",
    "worst_cases_reachability_rl": "[]",
    "worst_cases_reachability_fsc": "[]",
    "period_between_worst_case_evaluation": "5",
    "shrink_and_perturb_activated": "[False, False, False, False, False, False, False]",
    "nr_of_clusters": "[792, 800, 732, 559, 525, 708, 549]",
    "lstm_extracted_reachability": "[]",
    "lstm_extracted_return": "[]",
    "seed": "56789",
    "initial_time": "1759409802.6587536",
    "rl_training_times": "[298.04416131973267, 774.7184906005859, 1234.0003957748413, 1660.2478749752045, 2065.5522055625916, 2461.2342479228973, 2844.7557411193848]",
    "fsc_extraction_times": "[560.9285435676575, 1039.068261384964, 1497.482328414917, 1926.997102022171, 2338.2254037857056, 2728.0803320407867, 3118.18874669075]",
    "family_performance_times": "[709.4748022556305, 1167.4367144107819, 1592.7642786502838, 2001.0659477710724, 2391.9114203453064, 2782.445989370346, 3180.589125394821]",
    "worst_case_evaluation_times_rl": "[]",
    "worst_case_evaluation_times_fsc": "[]",
    "lstm_extracted_result_times": "[]",
    "cluster_evaluation_times": "[333.49990129470825, 810.9531404972076, 1271.6461157798767, 1699.1080391407013, 2105.293523311615, 2499.0025565624237, 2886.7847249507904]"
}