{
    "number_of_pomdps_in_family": "1",
    "num_training_steps_per_iteration": "301",
    "average_rl_return_subset_simulated": "[34.39648, 35.404823, 44.25881, 44.468563, 40.196304, 43.30292, 35.613827]",
    "average_rl_reachability_subset_simulated": "[0.7238709677419355, 0.6397673573246092, 0.6207472660996355, 0.5874562338255442, 0.5695958063181128, 0.5987242248924491, 0.5832926233512458]",
    "average_extracted_fsc_return_subset_simulated": "[-34.88939, -34.67258, -46.081005, -42.78891, -40.467426, -39.72312, -36.147163]",
    "average_extracted_fsc_reachability_subset_simulated": "[0.7088607594936709, 0.6042058270676691, 0.5678164507569845, 0.5611698277110178, 0.5578109998628445, 0.5807060091619509, 0.5864477392476413]",
    "family_performance": "[0.5256819431225165, 0.518963469733897, 0.5594568832200363, 0.5505421162145486, 0.5625949300717653, 0.5761378869873569, 0.58083410998156]",
    "available_nodes_in_fsc": "[array([ True,  True,  True,  True,  True,  True,  True,  True,  True,\n        True]), array([ True,  True,  True,  True,  True,  True,  True,  True,  True,\n        True]), array([ True,  True,  True,  True,  True,  True,  True,  True,  True,\n        True]), array([ True,  True,  True,  True,  True,  True,  True,  True,  True,\n        True]), array([ True,  True,  True,  True,  True,  True,  True,  True,  True,\n        True]), array([ True,  True,  True,  True,  True,  True,  True,  True,  True,\n        True]), array([ True,  True,  True,  True,  True,  True,  True,  True,  True,\n        True])]",
    "worst_case_pomdp_values_simulated_rl": "[]",
    "worst_case_pomdp_values_simulated_fsc": "[]",
    "was_worst_case_same_as_simulated": "[]",
    "worst_case_index_rl": "[]",
    "worst_case_index_fsc": "[]",
    "worst_case_index_paynt": "[]",
    "environment_type": "batched_vec_storm",
    "number_of_extraction_trajectories": "[]",
    "extraction_type": "si-g",
    "lstm_width": 32,
    "extraction_less": false,
    "geometric_batched_vec_storm": true,
    "periodic_restarts": false,
    "worst_case_on_subset_rl": "[]",
    "worst_case_on_subset_fsc": "[]",
    "worst_cases_reachability_rl": "[]",
    "worst_cases_reachability_fsc": "[]",
    "period_between_worst_case_evaluation": "5",
    "shrink_and_perturb_activated": "[False, False, False, False, False, False, False]",
    "nr_of_clusters": "[378, 402, 372, 330, 403, 406, 411]",
    "lstm_extracted_reachability": "[]",
    "lstm_extracted_return": "[]",
    "seed": "34567",
    "initial_time": "1759371665.349094",
    "rl_training_times": "[267.61656069755554, 735.8098175525665, 1156.8983306884766, 1647.7461802959442, 2170.554539680481, 2639.892475128174, 3076.1462182998657]",
    "fsc_extraction_times": "[499.6685025691986, 965.5396580696106, 1389.0395803451538, 1877.2624816894531, 2412.3503580093384, 2881.872004508972, 3307.1655254364014]",
    "family_performance_times": "[682.9928691387177, 1104.3025960922241, 1594.9787793159485, 2109.3642072677612, 2585.3590235710144, 3019.842009782791, 3441.824732542038]",
    "worst_case_evaluation_times_rl": "[]",
    "worst_case_evaluation_times_fsc": "[]",
    "lstm_extracted_result_times": "[]",
    "cluster_evaluation_times": "[304.846066236496, 773.1661887168884, 1194.280790567398, 1685.135004043579, 2212.754529237747, 2686.6877608299255, 3115.1224694252014]"
}