{
    "number_of_pomdps_in_family": "1",
    "num_training_steps_per_iteration": "301",
    "average_rl_return_subset_simulated": "[41.59493, 36.081635, 33.108173, 30.676754, 32.50433]",
    "average_rl_reachability_subset_simulated": "[0.6188577125765561, 0.6538224033592689, 0.6248870822041553, 0.7633507853403141, 0.7567717584369449]",
    "average_extracted_fsc_return_subset_simulated": "[-40.05396, -35.428417, -33.215427, -30.62457, -34.03538]",
    "average_extracted_fsc_reachability_subset_simulated": "[0.6095444685466378, 0.6486810551558753, 0.6195945945945946, 0.762602640058206, 0.7546387000115247]",
    "family_performance": "[0.5270695944861612, 0.5287307464232818, 0.5156178993591616, 0.5293636919905399, 0.557486227215088]",
    "available_nodes_in_fsc": "[array([ True,  True,  True,  True,  True,  True,  True,  True,  True,\n        True]), array([ True,  True,  True,  True,  True,  True,  True,  True,  True,\n        True]), array([ True,  True,  True,  True,  True,  True,  True,  True,  True,\n        True]), array([ True,  True,  True,  True,  True,  True,  True,  True,  True,\n        True]), array([ True,  True,  True,  True,  True,  True,  True,  True,  True,\n        True])]",
    "worst_case_pomdp_values_simulated_rl": "[]",
    "worst_case_pomdp_values_simulated_fsc": "[]",
    "was_worst_case_same_as_simulated": "[]",
    "worst_case_index_rl": "[]",
    "worst_case_index_fsc": "[]",
    "worst_case_index_paynt": "[]",
    "environment_type": "batched_vec_storm",
    "number_of_extraction_trajectories": "[]",
    "extraction_type": "si-g",
    "lstm_width": 32,
    "extraction_less": true,
    "geometric_batched_vec_storm": true,
    "periodic_restarts": false,
    "worst_case_on_subset_rl": "[]",
    "worst_case_on_subset_fsc": "[]",
    "worst_cases_reachability_rl": "[]",
    "worst_cases_reachability_fsc": "[]",
    "period_between_worst_case_evaluation": "5",
    "shrink_and_perturb_activated": "[False, False, False, False, False]",
    "nr_of_clusters": "[416, 556, 518, 672, 731]",
    "lstm_extracted_reachability": "[]",
    "lstm_extracted_return": "[]",
    "seed": "45678",
    "initial_time": "1759398996.6198387",
    "rl_training_times": "[275.1401946544647, 870.1792795658112, 1468.7481226921082, 2046.812305688858, 2594.180155992508]",
    "fsc_extraction_times": "[506.7216594219208, 1105.968380689621, 1700.7662281990051, 2298.5461263656616, 2844.4952738285065]",
    "family_performance_times": "[811.9287061691284, 1412.2645254135132, 1987.6022527217865, 2521.7124786376953, 3089.3858530521393]",
    "worst_case_evaluation_times_rl": "[]",
    "worst_case_evaluation_times_fsc": "[]",
    "lstm_extracted_result_times": "[]",
    "cluster_evaluation_times": "[307.2692744731903, 906.8559100627899, 1503.567039012909, 2079.6408607959747, 2632.693305015564]"
}