{
    "number_of_pomdps_in_family": "1",
    "num_training_steps_per_iteration": "301",
    "average_rl_return_subset_simulated": "[26.511038, 32.654713, 36.85158, 38.308933, 39.805775, 43.17408, 42.239086]",
    "average_rl_reachability_subset_simulated": "[0.8042888165038002, 0.6611930294906166, 0.6002267859392718, 0.5535878263150991, 0.5637428493598474, 0.5489877345943549, 0.5501590054929171]",
    "average_extracted_fsc_return_subset_simulated": "[-26.805017, -36.899986, -37.377808, -38.728012, -39.8314, -44.148064, -42.344635]",
    "average_extracted_fsc_reachability_subset_simulated": "[0.8087591240875912, 0.665790461885092, 0.6008632728196014, 0.5500065539389173, 0.5620447801456704, 0.5564022112655013, 0.5572246065808297]",
    "family_performance": "[0.4952755067547562, 0.5577964165483377, 0.558659212571402, 0.5389705573980996, 0.5623523696830663, 0.5492837397222873, 0.5524354638900499]",
    "available_nodes_in_fsc": "[array([ True,  True,  True,  True,  True,  True,  True,  True,  True,\n        True]), array([ True,  True,  True,  True,  True,  True,  True,  True,  True,\n        True]), array([ True,  True,  True,  True,  True,  True,  True,  True,  True,\n        True]), array([ True,  True,  True,  True,  True,  True,  True,  True,  True,\n        True]), array([ True,  True,  True,  True,  True,  True,  True,  True,  True,\n        True]), array([ True,  True,  True,  True,  True,  True,  True,  True,  True,\n        True]), array([ True,  True,  True,  True,  True,  True,  True,  True,  True,\n        True])]",
    "worst_case_pomdp_values_simulated_rl": "[]",
    "worst_case_pomdp_values_simulated_fsc": "[]",
    "was_worst_case_same_as_simulated": "[]",
    "worst_case_index_rl": "[]",
    "worst_case_index_fsc": "[]",
    "worst_case_index_paynt": "[]",
    "environment_type": "batched_vec_storm",
    "number_of_extraction_trajectories": "[]",
    "extraction_type": "si-g",
    "lstm_width": 32,
    "extraction_less": false,
    "geometric_batched_vec_storm": true,
    "periodic_restarts": false,
    "worst_case_on_subset_rl": "[]",
    "worst_case_on_subset_fsc": "[]",
    "worst_cases_reachability_rl": "[]",
    "worst_cases_reachability_fsc": "[]",
    "period_between_worst_case_evaluation": "5",
    "shrink_and_perturb_activated": "[False, False, False, False, False, False, False]",
    "nr_of_clusters": "[792, 620, 416, 395, 382, 356, 356]",
    "lstm_extracted_reachability": "[]",
    "lstm_extracted_return": "[]",
    "seed": "56789",
    "initial_time": "1759402601.7402663",
    "rl_training_times": "[293.90877199172974, 722.8013000488281, 1161.0032396316528, 1630.9630596637726, 2112.555974006653, 2550.3328285217285, 2981.662497997284]",
    "fsc_extraction_times": "[529.0371530056, 968.89590883255, 1413.7684242725372, 1904.2974569797516, 2387.6000204086304, 2822.8402042388916, 3230.9915215969086]",
    "family_performance_times": "[666.2493760585785, 1101.1130783557892, 1565.6554160118103, 2048.678948879242, 2485.1727867126465, 2924.2416813373566, 3368.827858686447]",
    "worst_case_evaluation_times_rl": "[]",
    "worst_case_evaluation_times_fsc": "[]",
    "lstm_extracted_result_times": "[]",
    "cluster_evaluation_times": "[326.9884650707245, 757.6392390727997, 1198.4105315208435, 1677.831305027008, 2149.097775697708, 2589.4784393310547, 3016.315785884857]"
}