{
    "number_of_pomdps_in_family": "1",
    "num_training_steps_per_iteration": "301",
    "average_rl_return_subset_simulated": "[27.646976, 33.021065, 37.30233, 31.724552, 26.939219, 25.470306, 29.591087, 39.817623, 39.205456]",
    "average_rl_reachability_subset_simulated": "[0.8081532509200717, 0.7413540610566632, 0.6129733879222109, 0.6754471544715447, 0.7732413793103449, 0.8288923719958202, 0.7303223198949177, 0.6708498158504979, 0.5764579414135985]",
    "average_extracted_fsc_return_subset_simulated": "[-37.092907, -32.867863, -36.78037, -38.99261, -26.392635, -25.486853, -29.451574, -39.65686, -38.975822]",
    "average_extracted_fsc_reachability_subset_simulated": "[0.778782172002511, 0.7201159678858162, 0.6040159640808181, 0.6680300831244228, 0.7745846430175124, 0.835546298706934, 0.7320339830084958, 0.6635765148461642, 0.5685031047694543]",
    "family_performance": "[0.43459418147428586, 0.4276258883747804, 0.43912468230862955, 0.4297193507107727, 0.40669203575357693, 0.4126081386397113, 0.41233708903580496, 0.44213967612143207, 0.4294727913047053]",
    "available_nodes_in_fsc": "[array([ True,  True,  True,  True,  True,  True,  True,  True,  True,\n        True]), array([ True,  True,  True,  True,  True,  True,  True,  True,  True,\n        True]), array([ True,  True,  True,  True,  True,  True,  True,  True,  True,\n        True]), array([ True,  True,  True,  True,  True,  True,  True,  True,  True,\n        True]), array([ True,  True,  True,  True,  True,  True,  True,  True,  True,\n        True]), array([ True,  True,  True,  True,  True,  True,  True,  True,  True,\n        True]), array([ True,  True,  True,  True,  True,  True,  True,  True,  True,\n        True]), array([ True,  True,  True,  True,  True,  True,  True,  True,  True,\n        True]), array([ True,  True,  True,  True,  True,  True,  True,  True,  True,\n        True])]",
    "worst_case_pomdp_values_simulated_rl": "[]",
    "worst_case_pomdp_values_simulated_fsc": "[]",
    "was_worst_case_same_as_simulated": "[]",
    "worst_case_index_rl": "[]",
    "worst_case_index_fsc": "[]",
    "worst_case_index_paynt": "[]",
    "environment_type": "batched_vec_storm",
    "number_of_extraction_trajectories": "[]",
    "extraction_type": "si-g",
    "lstm_width": 32,
    "extraction_less": true,
    "geometric_batched_vec_storm": true,
    "periodic_restarts": false,
    "worst_case_on_subset_rl": "[]",
    "worst_case_on_subset_fsc": "[]",
    "worst_cases_reachability_rl": "[]",
    "worst_cases_reachability_fsc": "[]",
    "period_between_worst_case_evaluation": "5",
    "shrink_and_perturb_activated": "[False, False, False, False, False, False, False, False, False]",
    "nr_of_clusters": "[637, 437, 387, 546, 619, 913, 651, 410, 400]",
    "lstm_extracted_reachability": "[]",
    "lstm_extracted_return": "[]",
    "seed": "23456",
    "initial_time": "1759368064.0812964",
    "rl_training_times": "[269.95149970054626, 656.4753534793854, 1038.180572271347, 1469.1362018585205, 1843.2378187179565, 2192.071708679199, 2537.9606397151947, 2870.0610916614532, 3220.028613090515]",
    "fsc_extraction_times": "[501.65307903289795, 887.1359376907349, 1268.526887178421, 1699.2204494476318, 2079.669882774353, 2427.9251804351807, 2769.5085825920105, 3108.6154680252075, 3457.918636083603]",
    "family_performance_times": "[602.4752595424652, 986.9332947731018, 1415.1074035167694, 1788.8203699588776, 2139.4684553146362, 2477.886946439743, 2814.5519046783447, 3164.7195234298706, 3516.539001226425]",
    "worst_case_evaluation_times_rl": "[]",
    "worst_case_evaluation_times_fsc": "[]",
    "lstm_extracted_result_times": "[]",
    "cluster_evaluation_times": "[307.3401961326599, 693.6052565574646, 1075.825677871704, 1506.7391715049744, 1881.4762177467346, 2229.5823304653168, 2575.618836402893, 2907.7664229869843, 3257.762107372284]"
}