{
    "number_of_pomdps_in_family": "1",
    "num_training_steps_per_iteration": "301",
    "average_rl_return_subset_simulated": "[26.334204, 34.887814, 40.90657, 44.49076, 42.702553, 40.406284, 40.81258, 43.23995, 43.91377]",
    "average_rl_reachability_subset_simulated": "[0.8659589780496582, 0.7007168458781362, 0.6287995517579493, 0.6126470138994959, 0.6051628043414491, 0.5912236987818383, 0.605827146659196, 0.5928179255082356, 0.6180030257186082]",
    "average_extracted_fsc_return_subset_simulated": "[-26.965002, -36.929478, -42.42691, -43.565884, -45.070087, -41.578274, -41.34328, -43.16752, -46.78229]",
    "average_extracted_fsc_reachability_subset_simulated": "[0.8566193311956024, 0.6648648648648648, 0.596496266513498, 0.5585067138851999, 0.5981065811574287, 0.5768634634352543, 0.5890430152725235, 0.5750621254202603, 0.5993335449063789]",
    "family_performance": "[0.4930262485220212, 0.520658143443755, 0.5494733708501175, 0.5358333063883186, 0.5767212436623584, 0.5749279055814367, 0.5707113917390622, 0.564163412251801, 0.5865008823638345]",
    "available_nodes_in_fsc": "[array([ True,  True,  True,  True,  True,  True,  True,  True,  True,\n        True]), array([ True,  True,  True,  True,  True,  True,  True,  True,  True,\n        True]), array([ True,  True,  True,  True,  True]), array([ True,  True,  True,  True,  True,  True]), array([ True,  True,  True,  True,  True,  True,  True,  True]), array([ True,  True,  True,  True,  True,  True]), array([ True,  True,  True,  True,  True,  True,  True]), array([ True,  True,  True,  True,  True,  True]), array([ True,  True,  True,  True,  True,  True])]",
    "worst_case_pomdp_values_simulated_rl": "[]",
    "worst_case_pomdp_values_simulated_fsc": "[]",
    "was_worst_case_same_as_simulated": "[]",
    "worst_case_index_rl": "[]",
    "worst_case_index_fsc": "[]",
    "worst_case_index_paynt": "[]",
    "environment_type": "batched_vec_storm",
    "number_of_extraction_trajectories": "[]",
    "extraction_type": "alergia",
    "lstm_width": 32,
    "extraction_less": false,
    "geometric_batched_vec_storm": true,
    "periodic_restarts": false,
    "worst_case_on_subset_rl": "[]",
    "worst_case_on_subset_fsc": "[]",
    "worst_cases_reachability_rl": "[]",
    "worst_cases_reachability_fsc": "[]",
    "period_between_worst_case_evaluation": "5",
    "shrink_and_perturb_activated": "[False, False, False, False, False, False, False, False, False]",
    "nr_of_clusters": "[649, 552, 363, 314, 302, 345, 325, 303, 327]",
    "lstm_extracted_reachability": "[]",
    "lstm_extracted_return": "[]",
    "seed": "12345",
    "initial_time": "1759353659.9984608",
    "rl_training_times": "[268.10086131095886, 639.0791609287262, 1001.9188787937164, 1238.3104252815247, 1509.8856575489044, 1810.6578691005707, 2037.9863719940186, 2273.9414613246918, 2599.39550614357]",
    "fsc_extraction_times": "[375.0510444641113, 746.8545043468475, 1110.1405584812164, 1347.7992899417877, 1619.1313581466675, 1919.0588483810425, 2147.0637860298157, 2384.294219017029, 2708.3992791175842]",
    "family_performance_times": "[585.593991279602, 948.309211730957, 1186.323919057846, 1457.1281294822693, 1754.7189764976501, 1982.189770936966, 2220.2140901088715, 2542.3481996059418, 2808.9258422851562]",
    "worst_case_evaluation_times_rl": "[]",
    "worst_case_evaluation_times_fsc": "[]",
    "lstm_extracted_result_times": "[]",
    "cluster_evaluation_times": "[305.1021981239319, 676.0361444950104, 1040.0700235366821, 1276.237802028656, 1547.7111308574677, 1848.5210163593292, 2076.477614402771, 2312.2674462795258, 2637.685268163681]"
}