{
    "number_of_pomdps_in_family": "1",
    "num_training_steps_per_iteration": "301",
    "average_rl_return_subset_simulated": "[25.539623, 29.62663, 28.704657, 36.995697, 37.36218, 29.125385, 32.695663, 33.2066, 35.534428, 31.083582]",
    "average_rl_reachability_subset_simulated": "[0.7731715831733287, 0.7175958716988768, 0.7159559834938102, 0.6274211925560198, 0.6662820512820513, 0.7304053381137336, 0.7238372093023255, 0.7665529010238907, 0.7012165450121655, 0.7901918976545842]",
    "average_extracted_fsc_return_subset_simulated": "[-25.729088, -30.259771, -31.178001, -37.977104, -45.607616, -29.804129, -32.94631, -33.32636, -35.659496, -32.426384]",
    "average_extracted_fsc_reachability_subset_simulated": "[0.756591048436542, 0.6942649020211347, 0.6794899043570669, 0.6085670182660149, 0.5915405025753082, 0.7131728045325779, 0.7051454138702461, 0.7521203211579781, 0.6726679555340744, 0.7633520537385751]",
    "family_performance": "[0.4715481915734708, 0.5188714645860676, 0.49311052449661724, 0.5251340509317355, 0.4982697866618998, 0.5301938730280087, 0.531230726431798, 0.5361964877095265, 0.5335093607388981, 0.5708764701452672]",
    "available_nodes_in_fsc": "[array([ True,  True,  True,  True,  True,  True,  True,  True,  True,\n        True,  True,  True,  True]), array([ True,  True,  True,  True,  True,  True,  True,  True,  True]), array([ True,  True,  True,  True,  True,  True,  True,  True,  True]), array([ True,  True,  True,  True,  True,  True,  True,  True,  True,\n        True]), array([ True,  True,  True,  True,  True,  True,  True]), array([ True,  True,  True,  True,  True,  True,  True,  True,  True]), array([ True,  True,  True,  True,  True,  True,  True,  True]), array([ True,  True,  True,  True,  True,  True,  True,  True,  True,\n        True]), array([ True,  True,  True,  True,  True,  True,  True]), array([ True,  True,  True,  True,  True,  True])]",
    "worst_case_pomdp_values_simulated_rl": "[]",
    "worst_case_pomdp_values_simulated_fsc": "[]",
    "was_worst_case_same_as_simulated": "[]",
    "worst_case_index_rl": "[]",
    "worst_case_index_fsc": "[]",
    "worst_case_index_paynt": "[]",
    "environment_type": "batched_vec_storm",
    "number_of_extraction_trajectories": "[]",
    "extraction_type": "alergia",
    "lstm_width": 32,
    "extraction_less": true,
    "geometric_batched_vec_storm": true,
    "periodic_restarts": false,
    "worst_case_on_subset_rl": "[]",
    "worst_case_on_subset_fsc": "[]",
    "worst_cases_reachability_rl": "[]",
    "worst_cases_reachability_fsc": "[]",
    "period_between_worst_case_evaluation": "5",
    "shrink_and_perturb_activated": "[False, False, False, False, False, False, False, False, False, False]",
    "nr_of_clusters": "[666, 644, 679, 447, 489, 564, 609, 619, 513, 654]",
    "lstm_extracted_reachability": "[]",
    "lstm_extracted_return": "[]",
    "seed": "12345",
    "initial_time": "1759346405.840933",
    "rl_training_times": "[270.4316506385803, 484.8287467956543, 694.9248321056366, 922.492594242096, 1131.4891357421875, 1348.2248322963715, 1568.3506712913513, 1773.497787952423, 1987.1021423339844, 2192.0099120140076]",
    "fsc_extraction_times": "[378.73943424224854, 602.654456615448, 810.4821774959564, 1040.4649794101715, 1249.145128250122, 1471.1535396575928, 1684.1140775680542, 1891.183449268341, 2102.5160217285156, 2310.7021822929382]",
    "family_performance_times": "[425.73005771636963, 638.2788186073303, 860.7561979293823, 1073.4511024951935, 1290.6541030406952, 1507.5753500461578, 1714.7234587669373, 1922.8343777656555, 2127.7585184574127, 2337.1993668079376]",
    "worst_case_evaluation_times_rl": "[]",
    "worst_case_evaluation_times_fsc": "[]",
    "lstm_extracted_result_times": "[]",
    "cluster_evaluation_times": "[307.4318645000458, 526.3863272666931, 735.3897256851196, 962.4615745544434, 1171.476565361023, 1392.9588091373444, 1608.4224677085876, 1814.4858756065369, 2028.03147315979, 2236.2434554100037]"
}