{
    "number_of_pomdps_in_family": "1",
    "num_training_steps_per_iteration": "301",
    "average_rl_return_subset_simulated": "[26.511038, 34.35506, 45.08, 40.229332, 42.173786, 49.076145, 41.264088, 40.523983, 48.84809]",
    "average_rl_reachability_subset_simulated": "[0.8042888165038002, 0.6771211234640141, 0.6381395348837209, 0.5852787695687998, 0.5746247113163973, 0.6103326017221002, 0.5633385115096737, 0.5816467978929859, 0.6051083851453537]",
    "average_extracted_fsc_return_subset_simulated": "[-28.098688, -34.63885, -43.89857, -42.177177, -40.352894, -47.64, -41.55404, -56.322075, -46.949398]",
    "average_extracted_fsc_reachability_subset_simulated": "[0.7746478873239436, 0.645774647887324, 0.5690065437239739, 0.5479765479765479, 0.5399836244541485, 0.5703225806451613, 0.5443429374560788, 0.3072172906213817, 0.559010152284264]",
    "family_performance": "[0.4455110860146716, 0.5152661803189955, 0.522178002520474, 0.5261456360659683, 0.5243519056118446, 0.5614061911746279, 0.5347033686152084, 0.28740500148613374, 0.5653463781062628]",
    "available_nodes_in_fsc": "[array([ True,  True,  True,  True,  True,  True,  True,  True,  True,\n        True,  True,  True]), array([ True,  True,  True,  True,  True,  True,  True,  True,  True,\n        True,  True]), array([ True,  True,  True,  True,  True,  True]), array([ True,  True,  True,  True,  True,  True,  True,  True]), array([ True,  True,  True,  True,  True,  True,  True,  True,  True,\n        True]), array([ True,  True,  True,  True,  True,  True]), array([ True,  True,  True,  True,  True,  True,  True,  True]), array([ True,  True,  True,  True,  True,  True,  True,  True]), array([ True,  True,  True,  True,  True,  True,  True])]",
    "worst_case_pomdp_values_simulated_rl": "[]",
    "worst_case_pomdp_values_simulated_fsc": "[]",
    "was_worst_case_same_as_simulated": "[]",
    "worst_case_index_rl": "[]",
    "worst_case_index_fsc": "[]",
    "worst_case_index_paynt": "[]",
    "environment_type": "batched_vec_storm",
    "number_of_extraction_trajectories": "[]",
    "extraction_type": "alergia",
    "lstm_width": 32,
    "extraction_less": false,
    "geometric_batched_vec_storm": true,
    "periodic_restarts": false,
    "worst_case_on_subset_rl": "[]",
    "worst_case_on_subset_fsc": "[]",
    "worst_cases_reachability_rl": "[]",
    "worst_cases_reachability_fsc": "[]",
    "period_between_worst_case_evaluation": "5",
    "shrink_and_perturb_activated": "[False, False, False, False, False, False, False, False, False]",
    "nr_of_clusters": "[792, 581, 376, 354, 372, 353, 361, 385, 341]",
    "lstm_extracted_reachability": "[]",
    "lstm_extracted_return": "[]",
    "seed": "56789",
    "initial_time": "1759406203.9939227",
    "rl_training_times": "[316.5554270744324, 817.5070259571075, 1175.3995423316956, 1470.5673389434814, 1871.3838729858398, 2217.499262571335, 2534.009035348892, 2873.0196120738983, 3210.948629617691]",
    "fsc_extraction_times": "[442.2731773853302, 931.4777166843414, 1298.8449726104736, 1595.6552498340607, 2003.392038822174, 2340.9924261569977, 2654.716858148575, 2986.10645198822, 3324.4256007671356]",
    "family_performance_times": "[751.6950168609619, 1112.0875580310822, 1406.038770198822, 1808.1072461605072, 2150.567103624344, 2472.4333209991455, 2806.2858040332794, 3150.4398436546326, 3405.302458524704]",
    "worst_case_evaluation_times_rl": "[]",
    "worst_case_evaluation_times_fsc": "[]",
    "lstm_extracted_result_times": "[]",
    "cluster_evaluation_times": "[354.8362829685211, 854.1686954498291, 1216.3193895816803, 1510.891369342804, 1912.1629161834717, 2256.9575531482697, 2572.9853100776672, 2908.044218301773, 3245.7868893146515]"
}