{
    "number_of_pomdps_in_family": "1",
    "num_training_steps_per_iteration": "301",
    "average_rl_return_subset_simulated": "[26.334204, 35.59829, 40.66485, 33.297165, 37.47347, 38.075626, 37.327118, 42.919537, 42.178482]",
    "average_rl_reachability_subset_simulated": "[0.8659589780496582, 0.7018315018315018, 0.6460870782584348, 0.5826027553227826, 0.5781832198381087, 0.60880355276907, 0.5846527068437181, 0.6148867313915858, 0.6098303610265333]",
    "average_extracted_fsc_return_subset_simulated": "[-25.368212, -35.694527, -41.17337, -33.746265, -36.987732, -39.152622, -36.85903, -44.385204, -41.606094]",
    "average_extracted_fsc_reachability_subset_simulated": "[0.8608305274971941, 0.665418528807827, 0.6186169472658968, 0.5728465487735311, 0.5842513770655984, 0.5949568679495687, 0.5790918163672655, 0.6105848744549692, 0.5845090293453724]",
    "family_performance": "[0.4911265811757652, 0.5358316254396851, 0.5630594851741124, 0.5520125533738581, 0.5753598500576749, 0.5950930090475532, 0.576936699373938, 0.5992052567555838, 0.5897025795797723]",
    "available_nodes_in_fsc": "[array([ True,  True,  True,  True,  True,  True,  True,  True,  True,\n        True]), array([ True,  True,  True,  True,  True,  True,  True,  True,  True,\n        True]), array([ True,  True,  True,  True,  True,  True,  True,  True,  True,\n        True]), array([ True,  True,  True,  True,  True,  True,  True,  True,  True,\n        True]), array([ True,  True,  True,  True,  True,  True,  True,  True,  True,\n        True]), array([ True,  True,  True,  True,  True,  True,  True,  True,  True,\n        True]), array([ True,  True,  True,  True,  True,  True,  True,  True,  True,\n        True]), array([ True,  True,  True,  True,  True,  True,  True,  True,  True,\n        True]), array([ True,  True,  True,  True,  True,  True,  True,  True,  True,\n        True])]",
    "worst_case_pomdp_values_simulated_rl": "[]",
    "worst_case_pomdp_values_simulated_fsc": "[]",
    "was_worst_case_same_as_simulated": "[]",
    "worst_case_index_rl": "[]",
    "worst_case_index_fsc": "[]",
    "worst_case_index_paynt": "[]",
    "environment_type": "batched_vec_storm",
    "number_of_extraction_trajectories": "[]",
    "extraction_type": "si-g",
    "lstm_width": 32,
    "extraction_less": false,
    "geometric_batched_vec_storm": true,
    "periodic_restarts": false,
    "worst_case_on_subset_rl": "[]",
    "worst_case_on_subset_fsc": "[]",
    "worst_cases_reachability_rl": "[]",
    "worst_cases_reachability_fsc": "[]",
    "period_between_worst_case_evaluation": "5",
    "shrink_and_perturb_activated": "[False, False, False, False, False, False, False, False, False]",
    "nr_of_clusters": "[649, 529, 349, 348, 323, 319, 354, 316, 308]",
    "lstm_extracted_reachability": "[]",
    "lstm_extracted_return": "[]",
    "seed": "12345",
    "initial_time": "1759350058.4516447",
    "rl_training_times": "[271.60115003585815, 608.7673256397247, 918.502240896225, 1305.6225593090057, 1651.677767276764, 2032.786676645279, 2428.963631629944, 2798.2694396972656, 3186.6525173187256]",
    "fsc_extraction_times": "[502.1516673564911, 837.7240509986877, 1149.260325908661, 1545.632696390152, 1894.1490104198456, 2285.949567079544, 2673.700215578079, 3034.884511947632, 3419.264095544815]",
    "family_performance_times": "[555.6255729198456, 865.6992928981781, 1252.1665513515472, 1597.441266298294, 1974.446840763092, 2374.048273086548, 2746.410133600235, 3134.424802541733, 3504.7400538921356]",
    "worst_case_evaluation_times_rl": "[]",
    "worst_case_evaluation_times_fsc": "[]",
    "lstm_extracted_result_times": "[]",
    "cluster_evaluation_times": "[308.7480320930481, 645.6621315479279, 955.6827747821808, 1351.153291463852, 1689.7747750282288, 2072.7518095970154, 2471.1512525081635, 2841.409110546112, 3225.03764796257]"
}