{
    "number_of_pomdps_in_family": "1",
    "num_training_steps_per_iteration": "301",
    "average_rl_return_subset_simulated": "[6.431559, 6.7993197, 7.1977186, 7.386492]",
    "average_rl_reachability_subset_simulated": "[0.21292775665399238, 0.4744897959183674, 0.26996197718631176, 0.30206378986866794]",
    "average_extracted_fsc_return_subset_simulated": "[5.553792, 5.9654036, 6.516667, 6.8116436]",
    "average_extracted_fsc_reachability_subset_simulated": "[0.30864197530864196, 0.4695222405271829, 0.3074074074074074, 0.4520547945205479]",
    "family_performance": "[7.281237132903896, 6.867660563571971, 7.496754806021412, 7.192279085692621]",
    "available_nodes_in_fsc": "[array([ True,  True,  True]), array([ True,  True,  True]), array([ True,  True,  True]), array([ True,  True,  True])]",
    "worst_case_pomdp_values_simulated_rl": "[]",
    "worst_case_pomdp_values_simulated_fsc": "[]",
    "was_worst_case_same_as_simulated": "[]",
    "worst_case_index_rl": "[]",
    "worst_case_index_fsc": "[]",
    "worst_case_index_paynt": "[]",
    "environment_type": "batched_vec_storm",
    "number_of_extraction_trajectories": "[]",
    "extraction_type": "si-g",
    "lstm_width": 32,
    "extraction_less": false,
    "geometric_batched_vec_storm": true,
    "periodic_restarts": false,
    "worst_case_on_subset_rl": "[]",
    "worst_case_on_subset_fsc": "[]",
    "worst_cases_reachability_rl": "[]",
    "worst_cases_reachability_fsc": "[]",
    "period_between_worst_case_evaluation": "5",
    "shrink_and_perturb_activated": "[False, False, False, False]",
    "nr_of_clusters": "[262, 134, 212, 280]",
    "lstm_extracted_reachability": "[]",
    "lstm_extracted_return": "[]",
    "seed": "634567",
    "initial_time": "1757299550.8010535",
    "rl_training_times": "[324.44383358955383, 4773.070633888245, 5438.746886968613, 6091.448008298874]",
    "fsc_extraction_times": "[714.1131777763367, 5185.385498762131, 5832.2012729644775, 6492.192682504654]",
    "family_performance_times": "[4629.043410539627, 5292.9502420425415, 5946.216168165207, 6544.400423526764]",
    "worst_case_evaluation_times_rl": "[]",
    "worst_case_evaluation_times_fsc": "[]",
    "lstm_extracted_result_times": "[]",
    "cluster_evaluation_times": "[365.8864984512329, 4816.554441690445, 5481.1163902282715, 6135.51345705986]"
}