{
    "number_of_pomdps_in_family": "1",
    "num_training_steps_per_iteration": "301",
    "average_rl_return_subset_simulated": "[6.580817, 7.2605505, 6.81307, 7.650092, 8.083955, 8.048689, 8.174397, 8.17803, 8.526316, 8.366412, 8.483993, 8.566038]",
    "average_rl_reachability_subset_simulated": "[0.3978685612788632, 0.3798165137614679, 0.6398176291793313, 0.287292817679558, 0.31529850746268656, 0.30711610486891383, 0.27087198515769945, 0.25, 0.2932330827067669, 0.2366412213740458, 0.2862523540489642, 0.2509433962264151]",
    "average_extracted_fsc_return_subset_simulated": "[5.854839, 6.28877, 5.7011833, 6.6904316, 7.1431093, 6.9054546, 7.3371, 7.1845574, 7.5673623, 7.0112996, 6.846729, 7.419355]",
    "average_extracted_fsc_reachability_subset_simulated": "[0.3333333333333333, 0.3600713012477718, 0.5754437869822485, 0.22889305816135083, 0.3374558303886926, 0.3527272727272727, 0.2542372881355932, 0.2504708097928437, 0.21062618595825428, 0.21092278719397364, 0.2504672897196262, 0.20683111954459202]",
    "family_performance": "[7.275491539416456, 7.270826388197853, 6.562878545829938, 7.834095361944923, 7.7685530819892055, 7.637548364398708, 7.967398849684069, 7.801230176321645, 8.034509507946728, 8.025246934953067, 7.626133078281449, 8.177171955802155]",
    "available_nodes_in_fsc": "[array([ True,  True,  True,  True,  True,  True,  True,  True,  True,\n        True,  True,  True]), array([ True,  True,  True,  True,  True,  True,  True,  True,  True,\n        True,  True,  True,  True,  True,  True,  True,  True]), array([ True,  True,  True,  True,  True,  True,  True,  True,  True,\n        True,  True,  True,  True,  True,  True]), array([ True,  True,  True,  True,  True,  True,  True,  True,  True,\n        True,  True,  True,  True,  True,  True,  True,  True,  True]), array([ True,  True,  True,  True,  True,  True,  True,  True,  True,\n        True,  True,  True,  True,  True,  True,  True,  True,  True,\n        True]), array([ True,  True,  True,  True,  True,  True,  True,  True,  True,\n        True,  True,  True,  True,  True,  True,  True,  True,  True,\n        True,  True,  True]), array([ True,  True,  True,  True,  True,  True,  True,  True,  True,\n        True,  True,  True,  True,  True,  True,  True,  True,  True,\n        True,  True,  True,  True]), array([ True,  True,  True,  True,  True,  True,  True,  True,  True,\n        True,  True,  True,  True,  True,  True,  True]), array([ True,  True,  True,  True,  True,  True,  True,  True,  True,\n        True,  True,  True,  True,  True,  True,  True,  True,  True,\n        True,  True,  True]), array([ True,  True,  True,  True,  True,  True,  True,  True,  True,\n        True,  True,  True,  True,  True,  True,  True,  True,  True,\n        True,  True]), array([ True,  True,  True,  True,  True,  True,  True,  True,  True,\n        True,  True,  True,  True,  True,  True,  True,  True,  True,\n        True]), array([ True,  True,  True,  True,  True,  True,  True,  True,  True,\n        True,  True,  True,  True,  True,  True,  True,  True,  True,\n        True,  True])]",
    "worst_case_pomdp_values_simulated_rl": "[]",
    "worst_case_pomdp_values_simulated_fsc": "[]",
    "was_worst_case_same_as_simulated": "[]",
    "worst_case_index_rl": "[]",
    "worst_case_index_fsc": "[]",
    "worst_case_index_paynt": "[]",
    "environment_type": "batched_vec_storm",
    "number_of_extraction_trajectories": "[]",
    "extraction_type": "alergia",
    "lstm_width": 32,
    "extraction_less": false,
    "geometric_batched_vec_storm": true,
    "periodic_restarts": false,
    "worst_case_on_subset_rl": "[]",
    "worst_case_on_subset_fsc": "[]",
    "worst_cases_reachability_rl": "[]",
    "worst_cases_reachability_fsc": "[]",
    "period_between_worst_case_evaluation": "5",
    "shrink_and_perturb_activated": "[False, False, False, False, False, False, False, False, False, False, False, False]",
    "nr_of_clusters": "[131, 203, 193, 137, 147, 115, 136, 112, 140, 137, 121, 118]",
    "lstm_extracted_reachability": "[]",
    "lstm_extracted_return": "[]",
    "seed": "623456",
    "initial_time": "1757267880.1381402",
    "rl_training_times": "[316.0851995944977, 1144.070154428482, 1938.9674994945526, 2342.966195344925, 3187.4293150901794, 3697.3327765464783, 4130.101185083389, 4583.075515508652, 5028.089813232422, 5490.155233383179, 6115.159127950668, 6730.384167432785]",
    "fsc_extraction_times": "[452.8199326992035, 1279.0283226966858, 2083.614668607712, 2490.9253056049347, 3332.4323194026947, 3852.563103914261, 4273.374176263809, 4728.686933994293, 5173.075015068054, 5633.4887611866, 6261.205037355423, 6884.439508676529]",
    "family_performance_times": "[1010.3177397251129, 1796.398897409439, 2198.17111992836, 3036.0368144512177, 3549.853261947632, 3985.4116621017456, 4446.798494577408, 4882.076658964157, 5343.110395669937, 5966.0879690647125, 6581.06144285202, 7052.208104133606]",
    "worst_case_evaluation_times_rl": "[]",
    "worst_case_evaluation_times_fsc": "[]",
    "lstm_extracted_result_times": "[]",
    "cluster_evaluation_times": "[356.66974234580994, 1184.231680393219, 1983.0169594287872, 2387.678379535675, 3230.1441242694855, 3743.430428981781, 4172.48734331131, 4627.202060699463, 5071.06454372406, 5534.127989530563, 6157.963938236237, 6773.67844414711]"
}