{
    "number_of_pomdps_in_family": "1",
    "num_training_steps_per_iteration": "301",
    "average_rl_return_subset_simulated": "[6.182708, 6.4849024, 6.477311, 6.888679]",
    "average_rl_reachability_subset_simulated": "[0.6231647634584013, 0.40319715808170514, 0.5159663865546219, 0.2641509433962264]",
    "average_extracted_fsc_return_subset_simulated": "[4.9074626, 5.426045, 5.700637, 5.8469386]",
    "average_extracted_fsc_reachability_subset_simulated": "[0.5955223880597015, 0.5321543408360129, 0.5159235668789809, 0.4200680272108844]",
    "family_performance": "[5.883936670186895, 6.349390776752068, 6.584963661963786, 6.912213839461481]",
    "available_nodes_in_fsc": "[array([ True,  True,  True,  True,  True,  True,  True,  True,  True]), array([ True,  True,  True,  True,  True,  True,  True,  True,  True]), array([ True,  True,  True,  True,  True,  True,  True,  True,  True]), array([ True,  True,  True,  True,  True,  True,  True,  True,  True])]",
    "worst_case_pomdp_values_simulated_rl": "[]",
    "worst_case_pomdp_values_simulated_fsc": "[]",
    "was_worst_case_same_as_simulated": "[]",
    "worst_case_index_rl": "[]",
    "worst_case_index_fsc": "[]",
    "worst_case_index_paynt": "[]",
    "environment_type": "batched_vec_storm",
    "number_of_extraction_trajectories": "[]",
    "extraction_type": "si-g",
    "lstm_width": 32,
    "extraction_less": false,
    "geometric_batched_vec_storm": true,
    "periodic_restarts": false,
    "worst_case_on_subset_rl": "[]",
    "worst_case_on_subset_fsc": "[]",
    "worst_cases_reachability_rl": "[]",
    "worst_cases_reachability_fsc": "[]",
    "period_between_worst_case_evaluation": "5",
    "shrink_and_perturb_activated": "[False, False, False, False]",
    "nr_of_clusters": "[162, 165, 171, 195]",
    "lstm_extracted_reachability": "[]",
    "lstm_extracted_return": "[]",
    "seed": "12345",
    "initial_time": "1757087380.3795166",
    "rl_training_times": "[362.28233194351196, 2479.3230679035187, 4129.778080463409, 5415.103917598724]",
    "fsc_extraction_times": "[764.4595053195953, 2844.655903816223, 4476.39035987854, 5793.081247329712]",
    "family_performance_times": "[2400.0959119796753, 4067.044109582901, 5351.878648281097, 6680.409386396408]",
    "worst_case_evaluation_times_rl": "[]",
    "worst_case_evaluation_times_fsc": "[]",
    "lstm_extracted_result_times": "[]",
    "cluster_evaluation_times": "[405.6030514240265, 2522.841656446457, 4169.736932992935, 5456.399173974991]"
}