{
    "number_of_pomdps_in_family": "1",
    "num_training_steps_per_iteration": "301",
    "average_rl_return_subset_simulated": "[6.697897, 7.4432235, 7.495479, 7.8089056, 7.7543187, 7.7409525]",
    "average_rl_reachability_subset_simulated": "[0.20076481835564053, 0.3498168498168498, 0.4050632911392405, 0.3469387755102041, 0.23032629558541268, 0.23238095238095238]",
    "average_extracted_fsc_return_subset_simulated": "[6.0518517, 6.469534, 6.116086, 7.0544467, 6.9590316, 6.162879]",
    "average_extracted_fsc_reachability_subset_simulated": "[0.22407407407407406, 0.3118279569892473, 0.47429519071310117, 0.3466424682395644, 0.2532588454376164, 0.22727272727272727]",
    "family_performance": "[7.310604801501726, 7.254145759031799, 6.993599693889415, 7.590271359224525, 7.815375849202691, 7.57090007842658]",
    "available_nodes_in_fsc": "[array([ True,  True,  True,  True,  True,  True,  True,  True,  True,\n        True,  True,  True]), array([ True,  True,  True,  True,  True,  True,  True,  True,  True,\n        True,  True,  True,  True,  True,  True,  True,  True,  True,\n        True]), array([ True,  True,  True,  True,  True,  True,  True,  True,  True,\n        True,  True,  True,  True,  True,  True,  True,  True]), array([ True,  True,  True,  True,  True,  True,  True,  True,  True,\n        True,  True,  True,  True,  True,  True,  True,  True,  True,\n        True,  True,  True]), array([ True,  True,  True,  True,  True,  True,  True,  True,  True,\n        True,  True,  True,  True,  True,  True,  True,  True,  True,\n        True]), array([ True,  True,  True,  True,  True,  True,  True,  True,  True,\n        True,  True,  True,  True,  True,  True,  True,  True,  True,\n        True])]",
    "worst_case_pomdp_values_simulated_rl": "[]",
    "worst_case_pomdp_values_simulated_fsc": "[]",
    "was_worst_case_same_as_simulated": "[]",
    "worst_case_index_rl": "[]",
    "worst_case_index_fsc": "[]",
    "worst_case_index_paynt": "[]",
    "environment_type": "batched_vec_storm",
    "number_of_extraction_trajectories": "[]",
    "extraction_type": "alergia",
    "lstm_width": 32,
    "extraction_less": false,
    "geometric_batched_vec_storm": true,
    "periodic_restarts": false,
    "worst_case_on_subset_rl": "[]",
    "worst_case_on_subset_fsc": "[]",
    "worst_cases_reachability_rl": "[]",
    "worst_cases_reachability_fsc": "[]",
    "period_between_worst_case_evaluation": "5",
    "shrink_and_perturb_activated": "[False, False, False, False, False, False]",
    "nr_of_clusters": "[217, 178, 162, 182, 135, 177]",
    "lstm_extracted_reachability": "[]",
    "lstm_extracted_return": "[]",
    "seed": "612345",
    "initial_time": "1757204240.5022619",
    "rl_training_times": "[348.0630326271057, 4465.399122476578, 5103.016259431839, 5581.125157594681, 6072.86722278595, 6613.293580055237]",
    "fsc_extraction_times": "[488.730099439621, 4614.988506555557, 5245.131477117538, 5729.0401384830475, 6225.547833204269, 6764.473964691162]",
    "family_performance_times": "[4324.267053365707, 4962.630484342575, 5430.114285230637, 5920.57045006752, 6456.704460859299, 6970.61913061142]",
    "worst_case_evaluation_times_rl": "[]",
    "worst_case_evaluation_times_fsc": "[]",
    "lstm_extracted_result_times": "[]",
    "cluster_evaluation_times": "[390.8843150138855, 4506.484734296799, 5145.416241645813, 5623.846732616425, 6117.356700181961, 6657.739137411118]"
}