{
    "number_of_pomdps_in_family": "1",
    "num_training_steps_per_iteration": "301",
    "average_rl_return_subset_simulated": "[6.382353, 6.393468, 7.1981306, 7.6455226, 7.6130843, 7.879562, 7.582878, 7.7654786]",
    "average_rl_reachability_subset_simulated": "[0.4031141868512111, 0.6671850699844479, 0.2841121495327103, 0.3451492537313433, 0.33271028037383177, 0.33394160583941607, 0.36065573770491804, 0.2945590994371482]",
    "average_extracted_fsc_return_subset_simulated": "[5.54, 5.5248537, 6.197509, 6.635112, 7.1214952, 6.917117, 6.8737025, 7.0696797]",
    "average_extracted_fsc_reachability_subset_simulated": "[0.445, 0.6067251461988304, 0.37544483985765126, 0.4165232358003442, 0.2822429906542056, 0.31891891891891894, 0.3892733564013841, 0.23728813559322035]",
    "family_performance": "[6.660865970774966, 6.188430587042628, 7.380765210829211, 7.205088612807432, 7.616854576425656, 7.611569313420279, 7.51622584084098, 7.712114457669381]",
    "available_nodes_in_fsc": "[array([ True,  True,  True,  True,  True,  True,  True,  True,  True,\n        True,  True,  True,  True,  True,  True,  True]), array([ True,  True,  True,  True,  True,  True,  True,  True,  True,\n        True,  True,  True,  True,  True,  True,  True,  True]), array([ True,  True,  True,  True,  True,  True,  True,  True,  True,\n        True,  True,  True,  True,  True,  True,  True,  True]), array([ True,  True,  True,  True,  True,  True,  True,  True,  True,\n        True,  True,  True,  True,  True,  True,  True,  True,  True,\n        True,  True]), array([ True,  True,  True,  True,  True,  True,  True,  True,  True,\n        True,  True,  True,  True,  True,  True,  True,  True,  True,\n        True,  True,  True]), array([ True,  True,  True,  True,  True,  True,  True,  True,  True,\n        True,  True,  True,  True,  True,  True,  True,  True,  True,\n        True]), array([ True,  True,  True,  True,  True,  True,  True,  True,  True,\n        True,  True,  True,  True,  True,  True,  True,  True,  True,\n        True,  True]), array([ True,  True,  True,  True,  True,  True,  True,  True,  True,\n        True,  True,  True,  True,  True,  True,  True])]",
    "worst_case_pomdp_values_simulated_rl": "[]",
    "worst_case_pomdp_values_simulated_fsc": "[]",
    "was_worst_case_same_as_simulated": "[]",
    "worst_case_index_rl": "[]",
    "worst_case_index_fsc": "[]",
    "worst_case_index_paynt": "[]",
    "environment_type": "batched_vec_storm",
    "number_of_extraction_trajectories": "[]",
    "extraction_type": "alergia",
    "lstm_width": 32,
    "extraction_less": false,
    "geometric_batched_vec_storm": true,
    "periodic_restarts": false,
    "worst_case_on_subset_rl": "[]",
    "worst_case_on_subset_fsc": "[]",
    "worst_cases_reachability_rl": "[]",
    "worst_cases_reachability_fsc": "[]",
    "period_between_worst_case_evaluation": "5",
    "shrink_and_perturb_activated": "[False, False, False, False, False, False, False, False]",
    "nr_of_clusters": "[221, 197, 142, 137, 153, 152, 156, 156]",
    "lstm_extracted_reachability": "[]",
    "lstm_extracted_return": "[]",
    "seed": "23456",
    "initial_time": "1757270337.2133083",
    "rl_training_times": "[335.3012318611145, 1392.009711265564, 2753.9103615283966, 3403.749934196472, 3904.7747135162354, 4419.90096282959, 5038.805270433426, 5639.892905950546]",
    "fsc_extraction_times": "[474.411981344223, 1533.5714626312256, 2898.152667284012, 3547.5199687480927, 4049.538770675659, 4562.607352733612, 5191.694372653961, 5794.445511102676]",
    "family_performance_times": "[1238.1134912967682, 2616.2914628982544, 3254.8485963344574, 3760.0922498703003, 4267.777640104294, 4891.281059503555, 5483.99026966095, 6343.386563777924]",
    "worst_case_evaluation_times_rl": "[]",
    "worst_case_evaluation_times_fsc": "[]",
    "lstm_extracted_result_times": "[]",
    "cluster_evaluation_times": "[377.3473403453827, 1435.2671401500702, 2795.260176420212, 3446.2932040691376, 3946.875983476639, 4463.728101491928, 5083.578317165375, 5687.639976978302]"
}