{
    "number_of_pomdps_in_family": "1",
    "num_training_steps_per_iteration": "301",
    "average_rl_return_subset_simulated": "[6.4875, 7.4073396]",
    "average_rl_reachability_subset_simulated": "[0.3410714285714286, 0.3174311926605505]",
    "average_extracted_fsc_return_subset_simulated": "[5.533784, 6.7650275]",
    "average_extracted_fsc_reachability_subset_simulated": "[0.4527027027027027, 0.29508196721311475]",
    "family_performance": "[6.460847395393669, 7.33395315836759]",
    "available_nodes_in_fsc": "[array([ True,  True,  True]), array([ True,  True,  True])]",
    "worst_case_pomdp_values_simulated_rl": "[]",
    "worst_case_pomdp_values_simulated_fsc": "[]",
    "was_worst_case_same_as_simulated": "[]",
    "worst_case_index_rl": "[]",
    "worst_case_index_fsc": "[]",
    "worst_case_index_paynt": "[]",
    "environment_type": "batched_vec_storm",
    "number_of_extraction_trajectories": "[]",
    "extraction_type": "si-g",
    "lstm_width": 32,
    "extraction_less": false,
    "geometric_batched_vec_storm": true,
    "periodic_restarts": false,
    "worst_case_on_subset_rl": "[]",
    "worst_case_on_subset_fsc": "[]",
    "worst_cases_reachability_rl": "[]",
    "worst_cases_reachability_fsc": "[]",
    "period_between_worst_case_evaluation": "5",
    "shrink_and_perturb_activated": "[False, False]",
    "nr_of_clusters": "[232, 97]",
    "lstm_extracted_reachability": "[]",
    "lstm_extracted_return": "[]",
    "seed": "34567",
    "initial_time": "1757304119.8780367",
    "rl_training_times": "[339.410621881485, 1886.885446548462]",
    "fsc_extraction_times": "[755.1069931983948, 2284.8909015655518]",
    "family_performance_times": "[1720.3999469280243, 2350.0738985538483]",
    "worst_case_evaluation_times_rl": "[]",
    "worst_case_evaluation_times_fsc": "[]",
    "lstm_extracted_result_times": "[]",
    "cluster_evaluation_times": "[379.9886453151703, 1930.7940587997437]"
}