{
    "number_of_pomdps_in_family": "1",
    "num_training_steps_per_iteration": "301",
    "average_rl_return_subset_simulated": "[6.697897, 7.1519437, 7.6711025, 7.7561436, 7.672222, 7.779026, 7.9354243]",
    "average_rl_reachability_subset_simulated": "[0.20076481835564053, 0.43992932862190814, 0.23193916349809887, 0.2381852551984877, 0.3111111111111111, 0.33146067415730335, 0.33579335793357934]",
    "average_extracted_fsc_return_subset_simulated": "[5.9781423, 6.5652175, 6.834862, 6.5825243, 6.551155, 6.4260564, 6.88]",
    "average_extracted_fsc_reachability_subset_simulated": "[0.23861566484517305, 0.4, 0.30642201834862387, 0.5064724919093851, 0.47854785478547857, 0.3961267605633803, 0.4295652173913043]",
    "family_performance": "[7.246253838193258, 7.268936964335843, 7.520837599221136, 7.120914366782328, 7.03597543139896, 7.219837926959146, 7.233265092821925]",
    "available_nodes_in_fsc": "[array([ True,  True,  True]), array([ True,  True,  True]), array([ True,  True,  True]), array([ True,  True,  True]), array([ True,  True,  True]), array([ True,  True,  True]), array([ True,  True,  True])]",
    "worst_case_pomdp_values_simulated_rl": "[]",
    "worst_case_pomdp_values_simulated_fsc": "[]",
    "was_worst_case_same_as_simulated": "[]",
    "worst_case_index_rl": "[]",
    "worst_case_index_fsc": "[]",
    "worst_case_index_paynt": "[]",
    "environment_type": "batched_vec_storm",
    "number_of_extraction_trajectories": "[]",
    "extraction_type": "si-g",
    "lstm_width": 32,
    "extraction_less": false,
    "geometric_batched_vec_storm": true,
    "periodic_restarts": false,
    "worst_case_on_subset_rl": "[]",
    "worst_case_on_subset_fsc": "[]",
    "worst_cases_reachability_rl": "[]",
    "worst_cases_reachability_fsc": "[]",
    "period_between_worst_case_evaluation": "5",
    "shrink_and_perturb_activated": "[False, False, False, False, False, False, False]",
    "nr_of_clusters": "[217, 174, 131, 131, 144, 160, 188]",
    "lstm_extracted_reachability": "[]",
    "lstm_extracted_return": "[]",
    "seed": "612345",
    "initial_time": "1757171407.333568",
    "rl_training_times": "[361.1732859611511, 3195.1689291000366, 3831.860290288925, 4442.4270985126495, 5025.443612337112, 5611.052503824234, 6203.896210193634]",
    "fsc_extraction_times": "[752.9946529865265, 3588.5315749645233, 4230.175694704056, 4839.324443817139, 5430.413520812988, 6008.688765764236, 6596.063102722168]",
    "family_performance_times": "[3048.449194431305, 3693.1003284454346, 4298.158731460571, 4877.6996784210205, 5463.406565904617, 6058.19614315033, 6628.486620903015]",
    "worst_case_evaluation_times_rl": "[]",
    "worst_case_evaluation_times_fsc": "[]",
    "lstm_extracted_result_times": "[]",
    "cluster_evaluation_times": "[403.79114603996277, 3237.1981019973755, 3874.9188327789307, 4482.638636350632, 5071.9909019470215, 5654.097917795181, 6246.4140384197235]"
}