{
    "number_of_pomdps_in_family": "1",
    "num_training_steps_per_iteration": "301",
    "average_rl_return_subset_simulated": "[6.182708, 6.466899, 6.637931, 6.6752577]",
    "average_rl_reachability_subset_simulated": "[0.6231647634584013, 0.4651567944250871, 0.4413793103448276, 0.4948453608247423]",
    "average_extracted_fsc_return_subset_simulated": "[5.0245023, 5.563973, 5.6712327, 5.6207485]",
    "average_extracted_fsc_reachability_subset_simulated": "[0.5467075038284839, 0.43434343434343436, 0.4229452054794521, 0.44387755102040816]",
    "family_performance": "[6.091490812914728, 6.539043639176329, 6.722130031122118, 6.676846553721775]",
    "available_nodes_in_fsc": "[array([ True,  True,  True,  True,  True,  True,  True,  True,  True,\n        True,  True,  True]), array([ True,  True,  True,  True,  True,  True,  True,  True,  True,\n        True,  True,  True]), array([ True,  True,  True,  True,  True,  True,  True,  True,  True,\n        True,  True,  True,  True,  True,  True]), array([ True,  True,  True,  True,  True,  True,  True,  True,  True,\n        True,  True,  True,  True,  True,  True,  True,  True,  True])]",
    "worst_case_pomdp_values_simulated_rl": "[]",
    "worst_case_pomdp_values_simulated_fsc": "[]",
    "was_worst_case_same_as_simulated": "[]",
    "worst_case_index_rl": "[]",
    "worst_case_index_fsc": "[]",
    "worst_case_index_paynt": "[]",
    "environment_type": "batched_vec_storm",
    "number_of_extraction_trajectories": "[]",
    "extraction_type": "alergia",
    "lstm_width": 32,
    "extraction_less": false,
    "geometric_batched_vec_storm": true,
    "periodic_restarts": false,
    "worst_case_on_subset_rl": "[]",
    "worst_case_on_subset_fsc": "[]",
    "worst_cases_reachability_rl": "[]",
    "worst_cases_reachability_fsc": "[]",
    "period_between_worst_case_evaluation": "5",
    "shrink_and_perturb_activated": "[False, False, False, False]",
    "nr_of_clusters": "[162, 180, 203, 202]",
    "lstm_extracted_reachability": "[]",
    "lstm_extracted_return": "[]",
    "seed": "12345",
    "initial_time": "1757116267.7999482",
    "rl_training_times": "[338.5458183288574, 1152.1453025341034, 3122.2806317806244, 5049.216652393341]",
    "fsc_extraction_times": "[479.2803735733032, 1293.7078354358673, 3257.13938164711, 5197.551024198532]",
    "family_performance_times": "[1088.7917857170105, 3061.163693189621, 4985.008020877838, 6279.917532444]",
    "worst_case_evaluation_times_rl": "[]",
    "worst_case_evaluation_times_fsc": "[]",
    "lstm_extracted_result_times": "[]",
    "cluster_evaluation_times": "[379.39298844337463, 1195.7301332950592, 3163.4883484840393, 5090.997419595718]"
}