{
    "number_of_pomdps_in_family": "1",
    "num_training_steps_per_iteration": "301",
    "average_rl_return_subset_simulated": "[7.7406015, 7.5978837, 7.548387, 7.8909426, 7.944134, 7.858801, 7.8631177, 8.140684, 7.981447, 8.015152, 8.06015]",
    "average_rl_reachability_subset_simulated": "[0.24436090225563908, 0.4567901234567901, 0.41935483870967744, 0.3419593345656192, 0.31843575418994413, 0.16054158607350097, 0.2718631178707224, 0.2414448669201521, 0.3246753246753247, 0.2537878787878788, 0.3082706766917293]",
    "average_extracted_fsc_return_subset_simulated": "[6.4943395, 6.64476, 6.8982143, 6.5232, 6.885246, 7.0629773, 7.114286, 6.888476, 6.878354, 7.075047, 6.9444447]",
    "average_extracted_fsc_reachability_subset_simulated": "[0.25660377358490566, 0.39431616341030196, 0.3535714285714286, 0.5088, 0.30601092896174864, 0.16030534351145037, 0.17142857142857143, 0.24535315985130113, 0.33094812164579607, 0.2101313320825516, 0.3387096774193548]",
    "family_performance": "[7.113404559620416, 7.094041311258315, 7.303659307319359, 7.068592556092847, 7.7768472936863295, 7.875551490210195, 8.04835280087167, 7.773390731028916, 7.502501709723289, 7.972352844992944, 7.80325486033367]",
    "available_nodes_in_fsc": "[array([ True,  True,  True,  True,  True,  True,  True,  True,  True,\n        True,  True]), array([ True,  True,  True,  True,  True,  True,  True,  True,  True,\n        True,  True,  True,  True,  True,  True,  True,  True]), array([ True,  True,  True,  True,  True,  True,  True,  True,  True,\n        True,  True,  True,  True,  True,  True,  True,  True,  True,\n        True,  True]), array([ True,  True,  True,  True,  True,  True,  True,  True,  True,\n        True,  True,  True,  True,  True,  True,  True,  True,  True]), array([ True,  True,  True,  True,  True,  True,  True,  True,  True,\n        True,  True,  True,  True,  True,  True,  True,  True,  True]), array([ True,  True,  True,  True,  True,  True,  True,  True,  True,\n        True,  True,  True,  True,  True,  True,  True]), array([ True,  True,  True,  True,  True,  True,  True,  True,  True,\n        True,  True,  True,  True,  True,  True,  True,  True,  True]), array([ True,  True,  True,  True,  True,  True,  True,  True,  True,\n        True,  True,  True,  True,  True,  True,  True,  True,  True,\n        True,  True,  True,  True]), array([ True,  True,  True,  True,  True,  True,  True,  True,  True,\n        True,  True,  True,  True,  True,  True,  True,  True,  True,\n        True,  True,  True,  True,  True]), array([ True,  True,  True,  True,  True,  True,  True,  True,  True,\n        True,  True,  True,  True,  True,  True,  True,  True,  True,\n        True,  True,  True]), array([ True,  True,  True,  True,  True,  True,  True,  True,  True,\n        True,  True,  True,  True,  True,  True,  True,  True,  True,\n        True,  True])]",
    "worst_case_pomdp_values_simulated_rl": "[]",
    "worst_case_pomdp_values_simulated_fsc": "[]",
    "was_worst_case_same_as_simulated": "[]",
    "worst_case_index_rl": "[]",
    "worst_case_index_fsc": "[]",
    "worst_case_index_paynt": "[]",
    "environment_type": "batched_vec_storm",
    "number_of_extraction_trajectories": "[]",
    "extraction_type": "alergia",
    "lstm_width": 32,
    "extraction_less": false,
    "geometric_batched_vec_storm": true,
    "periodic_restarts": false,
    "worst_case_on_subset_rl": "[]",
    "worst_case_on_subset_fsc": "[]",
    "worst_cases_reachability_rl": "[]",
    "worst_cases_reachability_fsc": "[]",
    "period_between_worst_case_evaluation": "5",
    "shrink_and_perturb_activated": "[False, False, False, False, False, False, False, False, False, False, False]",
    "nr_of_clusters": "[188, 162, 177, 210, 222, 215, 250, 224, 173, 274, 218]",
    "lstm_extracted_reachability": "[]",
    "lstm_extracted_return": "[]",
    "seed": "12345",
    "initial_time": "1757202298.7263186",
    "rl_training_times": "[341.4175503253937, 909.9161596298218, 1319.3388533592224, 1731.0567984580994, 2149.5204932689667, 2705.0174164772034, 3703.1063096523285, 4271.753926753998, 4905.997107028961, 5419.329730272293, 6119.020830869675]",
    "fsc_extraction_times": "[486.0780076980591, 1053.216744184494, 1460.8220791816711, 1874.7756600379944, 2301.550654888153, 2849.5771827697754, 3847.1301457881927, 4415.003587007523, 5051.631847858429, 5561.945197820663, 6262.738575696945]",
    "family_performance_times": "[765.8319003582001, 1172.5563397407532, 1588.771630525589, 1994.579978466034, 2558.3465428352356, 3552.1274082660675, 4124.951766252518, 4761.921133756638, 5273.489778757095, 5979.437269687653, 6428.945816755295]",
    "worst_case_evaluation_times_rl": "[]",
    "worst_case_evaluation_times_fsc": "[]",
    "lstm_extracted_result_times": "[]",
    "cluster_evaluation_times": "[385.3371253013611, 952.822333574295, 1363.8810818195343, 1776.678524017334, 2194.3060562610626, 2748.9228456020355, 3746.564084291458, 4314.7932460308075, 4951.0143785476685, 5462.842720270157, 6160.928490400314]"
}