{
    "number_of_pomdps_in_family": "1",
    "num_training_steps_per_iteration": "301",
    "average_rl_return_subset_simulated": "[371.24884, 306.41052, 297.40472, 288.79712, 287.49173, 288.58224, 288.6296, 284.08987]",
    "average_rl_reachability_subset_simulated": "[1.0, 1.0, 1.0, 1.0, 1.0, 1.0, 1.0, 1.0]",
    "average_extracted_fsc_return_subset_simulated": "[380.14822, 307.48978, 296.01172, 285.08826, 291.23904, 286.7215, 287.66855, 285.8496]",
    "average_extracted_fsc_reachability_subset_simulated": "[1.0, 1.0, 1.0, 1.0, 1.0, 1.0, 1.0, 1.0]",
    "family_performance": "[277.0696498405502, 273.6006379458116, 285.08432200889735, 279.44184636694195, 287.85480066777427, 286.19107414828466, 286.3424862501784, 284.1057301165847]",
    "available_nodes_in_fsc": "[array([ True,  True,  True,  True,  True,  True]), array([ True,  True,  True,  True,  True,  True,  True]), array([ True,  True,  True,  True,  True,  True,  True,  True,  True,\n        True]), array([ True,  True,  True,  True,  True,  True,  True]), array([ True,  True,  True,  True,  True,  True,  True,  True,  True]), array([ True,  True,  True,  True,  True,  True,  True,  True]), array([ True,  True,  True,  True,  True,  True,  True,  True]), array([ True,  True,  True,  True,  True,  True,  True])]",
    "worst_case_pomdp_values_simulated_rl": "[]",
    "worst_case_pomdp_values_simulated_fsc": "[]",
    "was_worst_case_same_as_simulated": "[]",
    "worst_case_index_rl": "[]",
    "worst_case_index_fsc": "[]",
    "worst_case_index_paynt": "[]",
    "environment_type": "batched_vec_storm",
    "number_of_extraction_trajectories": "[]",
    "extraction_type": "alergia",
    "lstm_width": 32,
    "extraction_less": false,
    "geometric_batched_vec_storm": true,
    "periodic_restarts": false,
    "worst_case_on_subset_rl": "[]",
    "worst_case_on_subset_fsc": "[]",
    "worst_cases_reachability_rl": "[]",
    "worst_cases_reachability_fsc": "[]",
    "period_between_worst_case_evaluation": "5",
    "shrink_and_perturb_activated": "[False, False, False, False, False, False, False, False]",
    "nr_of_clusters": "[201, 216, 252, 223, 245, 264, 235, 250]",
    "lstm_extracted_reachability": "[]",
    "lstm_extracted_return": "[]",
    "seed": "12345",
    "initial_time": "1757469127.923101",
    "rl_training_times": "[337.6773216724396, 633.7370920181274, 899.3440635204315, 1157.557871580124, 1425.627056837082, 1687.1524300575256, 1944.0374488830566, 2200.225105047226]",
    "fsc_extraction_times": "[522.4428853988647, 787.8321824073792, 1047.074966430664, 1313.00789809227, 1579.085680961609, 1835.6012210845947, 2094.4436814785004, 2351.018982887268]",
    "family_performance_times": "[532.7763645648956, 799.3462879657745, 1057.6271677017212, 1323.8851523399353, 1590.2887830734253, 1846.285921573639, 2105.148355484009, 2361.772777080536]",
    "worst_case_evaluation_times_rl": "[]",
    "worst_case_evaluation_times_fsc": "[]",
    "lstm_extracted_result_times": "[]",
    "cluster_evaluation_times": "[419.423939704895, 685.4643311500549, 948.7921018600464, 1209.2322309017181, 1477.2523381710052, 1738.6132893562317, 1996.464591741562, 2250.6094703674316]"
}