{
    "number_of_pomdps_in_family": "1",
    "num_training_steps_per_iteration": "301",
    "average_rl_return_subset_simulated": "[560.564, 334.06055, 294.1856, 292.11963, 284.4536, 285.79257, 282.15283, 288.62555]",
    "average_rl_reachability_subset_simulated": "[1.0, 1.0, 1.0, 1.0, 1.0, 1.0, 1.0, 1.0]",
    "average_extracted_fsc_return_subset_simulated": "[574.9524, 339.1307, 293.63696, 293.95044, 287.71176, 285.7978, 288.61053, 287.58417]",
    "average_extracted_fsc_reachability_subset_simulated": "[1.0, 1.0, 1.0, 1.0, 1.0, 1.0, 1.0, 1.0]",
    "family_performance": "[228.513560671187, 238.54733888384277, 273.2867530603686, 289.71829436830023, 285.2448312271278, 287.2164457936361, 290.98370102549757, 290.0765733875449]",
    "available_nodes_in_fsc": "[array([ True,  True,  True]), array([ True,  True,  True]), array([ True,  True,  True]), array([ True,  True,  True]), array([ True,  True, False]), array([ True,  True,  True]), array([ True,  True,  True]), array([ True,  True,  True])]",
    "worst_case_pomdp_values_simulated_rl": "[]",
    "worst_case_pomdp_values_simulated_fsc": "[]",
    "was_worst_case_same_as_simulated": "[]",
    "worst_case_index_rl": "[]",
    "worst_case_index_fsc": "[]",
    "worst_case_index_paynt": "[]",
    "environment_type": "batched_vec_storm",
    "number_of_extraction_trajectories": "[]",
    "extraction_type": "si-g",
    "lstm_width": 32,
    "extraction_less": false,
    "geometric_batched_vec_storm": true,
    "periodic_restarts": false,
    "worst_case_on_subset_rl": "[]",
    "worst_case_on_subset_fsc": "[]",
    "worst_cases_reachability_rl": "[]",
    "worst_cases_reachability_fsc": "[]",
    "period_between_worst_case_evaluation": "5",
    "shrink_and_perturb_activated": "[False, False, False, False, False, False, False, False]",
    "nr_of_clusters": "[320, 259, 279, 303, 270, 279, 287, 277]",
    "lstm_extracted_reachability": "[]",
    "lstm_extracted_return": "[]",
    "seed": "23456",
    "initial_time": "1757512012.6791759",
    "rl_training_times": "[323.14160227775574, 819.696691274643, 1312.0011942386627, 1816.1012225151062, 2313.5981307029724, 2818.4666879177094, 3321.983827829361, 3830.462430000305]",
    "fsc_extraction_times": "[714.7448728084564, 1211.6218779087067, 1705.8793790340424, 2210.5504677295685, 2708.7601449489594, 3215.2965517044067, 3723.878358364105, 4236.572815895081]",
    "family_performance_times": "[725.811224937439, 1221.7531878948212, 1716.4545502662659, 2220.7702643871307, 2722.478408575058, 3225.84007024765, 3734.5326011180878, 4247.281948328018]",
    "worst_case_evaluation_times_rl": "[]",
    "worst_case_evaluation_times_fsc": "[]",
    "lstm_extracted_result_times": "[]",
    "cluster_evaluation_times": "[371.03055715560913, 868.2186667919159, 1359.8172733783722, 1867.933375120163, 2361.030784368515, 2865.866298675537, 3370.5790572166443, 3881.5831043720245]"
}