{"prism_model": "models_robust_large_copy/rover/sketch.templ", "prism_properties": "models_robust_large_copy/rover/sketch.props", "constants": "", "discount_factor": 0.995, "encoding_method": "Valuations", "learning_rate": 0.00016, "max_steps": 601, "evaluation_episodes": 20, "interpretation_granularity": 100, "batch_size": 256, "trajectory_num_steps": 32, "nr_runs": 101, "evaluation_goal": 40.0, "interpretation_method": "Tracing", "learning_method": "PPO", "save_agent": true, "load_agent": false, "seed": 23456, "evaluation_antigoal": -0.0, "experiment_directory": "experiments", "buffer_size": 1000, "restart_weights": 0, "agent_name": "Testus", "paynt_fsc_imitation": false, "paynt_fsc_json": null, "fsc_policy_max_iteration": 100, "interpretation_folder": "interpretation", "experiment_name": "experiment", "with_refusing": null, "replay_buffer_option": 1, "evaluate_random_policy": false, "prefer_stochastic": true, "normalize_simulator_rewards": false, "random_start_simulator": false, "num_environments": 256, "perform_interpretation": false, "vectorized_envs_flag": true, "illegal_action_penalty_per_step": -0.0002, "flag_illegal_action_penalty": false, "use_rnn_less": false, "name_of_experiment": "results_of_interpretation", "continuous_enlargement": false, "continuous_enlargement_step": 1, "init_size": 6, "state_supporting": false, "train_state_estimator_continuously": false, "completely_greedy": false, "render_if_possible": false, "model_name": "rover", "predicate_automata_obs": false, "curiosity_automata_reward": false, "go_explore": false, "use_stacked_observations": false, "masked_training": false, "env_see_reward": false, "env_see_num_steps": false, "env_see_last_action": false, "entropy_reward": false, "full_observable_entropy_reward": false, "use_binary_entropy_reward": false, "batched_vec_storm": true, "enforce_recompilation": false, "width_of_lstm": 32, "extraction_type": "si-g", "geometric_batched_vec_storm": true, "without_extraction": false, "periodic_restarts": false, "noisy_observations": false, "shrink_and_perturb": false, "shrink_and_perturb_externally": false, "single_pomdp_experiment": false}