{
    "number_of_pomdps_in_family": "1",
    "num_training_steps_per_iteration": "301",
    "average_rl_return_subset_simulated": "[57.58938, 169.0025, 157.729, 134.37585]",
    "average_rl_reachability_subset_simulated": "[1.0, 1.0, 1.0, 1.0]",
    "average_extracted_fsc_return_subset_simulated": "[-55.56759, -203.60564, -210.2167, -469.1796]",
    "average_extracted_fsc_reachability_subset_simulated": "[1.0, 1.0, 1.0, 1.0]",
    "family_performance": "[248.45279122807915, 311.1947147146322, 257.97358997767975, 689.2694277056531]",
    "available_nodes_in_fsc": "[array([ True,  True,  True]), array([ True,  True,  True]), array([ True,  True,  True]), array([ True,  True,  True])]",
    "worst_case_pomdp_values_simulated_rl": "[]",
    "worst_case_pomdp_values_simulated_fsc": "[]",
    "was_worst_case_same_as_simulated": "[]",
    "worst_case_index_rl": "[]",
    "worst_case_index_fsc": "[]",
    "worst_case_index_paynt": "[]",
    "environment_type": "batched_vec_storm",
    "number_of_extraction_trajectories": "[]",
    "extraction_type": "si-g",
    "lstm_width": 32,
    "extraction_less": false,
    "geometric_batched_vec_storm": true,
    "periodic_restarts": false,
    "worst_case_on_subset_rl": "[]",
    "worst_case_on_subset_fsc": "[]",
    "worst_cases_reachability_rl": "[]",
    "worst_cases_reachability_fsc": "[]",
    "period_between_worst_case_evaluation": "5",
    "shrink_and_perturb_activated": "[False, False, False, False]",
    "nr_of_clusters": "[498, 659, 640, 560]",
    "lstm_extracted_reachability": "[]",
    "lstm_extracted_return": "[]",
    "seed": "12345",
    "initial_time": "1757413357.8264902",
    "rl_training_times": "[433.70240926742554, 1024.5380239486694, 1678.3363091945648, 2333.6495604515076]",
    "fsc_extraction_times": "[862.8146719932556, 1453.662627696991, 2127.681421995163, 2744.1161086559296]",
    "family_performance_times": "[940.3944404125214, 1595.4204330444336, 2247.843756914139, 2967.2886197566986]",
    "worst_case_evaluation_times_rl": "[]",
    "worst_case_evaluation_times_fsc": "[]",
    "lstm_extracted_result_times": "[]",
    "cluster_evaluation_times": "[482.5315132141113, 1071.1627118587494, 1725.8446934223175, 2383.448207616806]"
}