{
    "number_of_pomdps_in_family": "1",
    "num_training_steps_per_iteration": "301",
    "average_rl_return_subset_simulated": "[57.58938, 172.60474, 159.93704, 133.12364, 133.00876, 120.42161]",
    "average_rl_reachability_subset_simulated": "[1.0, 1.0, 1.0, 1.0, 1.0, 1.0]",
    "average_extracted_fsc_return_subset_simulated": "[-61.266666, -191.91908, -210.50125, -199.3895, -178.26035, -135.90695]",
    "average_extracted_fsc_reachability_subset_simulated": "[1.0, 1.0, 1.0, 1.0, 1.0, 1.0]",
    "family_performance": "[285.803040154145, 283.9353617731923, 271.9985986028279, 296.64705475449546, 232.47326820320004, 168.10390860477085]",
    "available_nodes_in_fsc": "[array([ True,  True,  True,  True]), array([ True,  True,  True,  True,  True,  True,  True,  True]), array([ True,  True,  True,  True]), array([ True,  True,  True,  True,  True,  True]), array([ True,  True,  True,  True,  True,  True,  True]), array([ True,  True,  True,  True,  True])]",
    "worst_case_pomdp_values_simulated_rl": "[]",
    "worst_case_pomdp_values_simulated_fsc": "[]",
    "was_worst_case_same_as_simulated": "[]",
    "worst_case_index_rl": "[]",
    "worst_case_index_fsc": "[]",
    "worst_case_index_paynt": "[]",
    "environment_type": "batched_vec_storm",
    "number_of_extraction_trajectories": "[]",
    "extraction_type": "alergia",
    "lstm_width": 32,
    "extraction_less": false,
    "geometric_batched_vec_storm": true,
    "periodic_restarts": false,
    "worst_case_on_subset_rl": "[]",
    "worst_case_on_subset_fsc": "[]",
    "worst_cases_reachability_rl": "[]",
    "worst_cases_reachability_fsc": "[]",
    "period_between_worst_case_evaluation": "5",
    "shrink_and_perturb_activated": "[False, False, False, False, False, False]",
    "nr_of_clusters": "[498, 674, 599, 683, 617, 903]",
    "lstm_extracted_reachability": "[]",
    "lstm_extracted_return": "[]",
    "seed": "12345",
    "initial_time": "1757449614.0449991",
    "rl_training_times": "[412.73811888694763, 839.5835673809052, 1502.0696890354156, 2001.8125891685486, 2712.4406809806824, 3254.0354545116425]",
    "fsc_extraction_times": "[578.8337559700012, 994.3646578788757, 1648.870804309845, 2150.0183203220367, 2863.022920846939, 3402.484272480011]",
    "family_performance_times": "[759.6934952735901, 1266.596563577652, 1922.375233411789, 2628.1864845752716, 3174.4637954235077, 3449.806945323944]",
    "worst_case_evaluation_times_rl": "[]",
    "worst_case_evaluation_times_fsc": "[]",
    "lstm_extracted_result_times": "[]",
    "cluster_evaluation_times": "[475.8621368408203, 886.7041227817535, 1547.3958218097687, 2047.2496366500854, 2758.8140077590942, 3300.585539340973]"
}