{
    "number_of_pomdps_in_family": "1",
    "num_training_steps_per_iteration": "301",
    "average_rl_return_subset_simulated": "[67.637764, 143.08344, 101.15243, 197.74507, 216.40393, 146.51175]",
    "average_rl_reachability_subset_simulated": "[1.0, 1.0, 1.0, 1.0, 1.0, 1.0]",
    "average_extracted_fsc_return_subset_simulated": "[-69.59558, -149.2685, -100.26735, -198.40997, -223.02754, -152.38063]",
    "average_extracted_fsc_reachability_subset_simulated": "[1.0, 1.0, 1.0, 1.0, 1.0, 1.0]",
    "family_performance": "[220.33304302985118, 212.9229242143071, 255.52645832756656, 258.3477249715297, 236.24933633219584, 211.64037960390255]",
    "available_nodes_in_fsc": "[array([ True,  True,  True,  True]), array([ True,  True,  True]), array([ True,  True,  True]), array([ True,  True,  True]), array([ True,  True,  True]), array([ True,  True])]",
    "worst_case_pomdp_values_simulated_rl": "[]",
    "worst_case_pomdp_values_simulated_fsc": "[]",
    "was_worst_case_same_as_simulated": "[]",
    "worst_case_index_rl": "[]",
    "worst_case_index_fsc": "[]",
    "worst_case_index_paynt": "[]",
    "environment_type": "batched_vec_storm",
    "number_of_extraction_trajectories": "[]",
    "extraction_type": "alergia",
    "lstm_width": 32,
    "extraction_less": false,
    "geometric_batched_vec_storm": true,
    "periodic_restarts": false,
    "worst_case_on_subset_rl": "[]",
    "worst_case_on_subset_fsc": "[]",
    "worst_cases_reachability_rl": "[]",
    "worst_cases_reachability_fsc": "[]",
    "period_between_worst_case_evaluation": "5",
    "shrink_and_perturb_activated": "[False, False, False, False, False, False]",
    "nr_of_clusters": "[496, 629, 415, 442, 624, 628]",
    "lstm_extracted_reachability": "[]",
    "lstm_extracted_return": "[]",
    "seed": "12345",
    "initial_time": "1757464877.4704814",
    "rl_training_times": "[355.1502776145935, 627.1495444774628, 907.0673022270203, 1175.8823795318604, 1447.0260264873505, 1720.6376802921295]",
    "fsc_extraction_times": "[505.64796447753906, 778.5123772621155, 1056.6423954963684, 1330.0845012664795, 1600.9863858222961, 1990.8581547737122]",
    "family_performance_times": "[526.4767551422119, 800.6271569728851, 1070.333042383194, 1343.0169105529785, 1616.0458545684814, 2016.1457364559174]",
    "worst_case_evaluation_times_rl": "[]",
    "worst_case_evaluation_times_fsc": "[]",
    "lstm_extracted_result_times": "[]",
    "cluster_evaluation_times": "[400.39256477355957, 672.7368910312653, 953.3228058815002, 1223.5644717216492, 1494.0307245254517, 1884.3077864646912]"
}