{
    "number_of_pomdps_in_family": "1",
    "num_training_steps_per_iteration": "301",
    "average_rl_return_subset_simulated": "[67.637764, 137.96815, 186.86992, 161.08417, 209.3814, 196.54416]",
    "average_rl_reachability_subset_simulated": "[1.0, 1.0, 1.0, 1.0, 1.0, 1.0]",
    "average_extracted_fsc_return_subset_simulated": "[-65.45593, -138.29666, -180.52533, -157.46336, -213.05836, -197.80319]",
    "average_extracted_fsc_reachability_subset_simulated": "[1.0, 1.0, 1.0, 1.0, 1.0, 1.0]",
    "family_performance": "[216.15223716274681, 211.72031394615277, 211.1552471532772, 244.01405541085947, 252.29430287242462, 218.7271336361174]",
    "available_nodes_in_fsc": "[array([ True,  True,  True]), array([ True,  True,  True]), array([ True,  True,  True]), array([ True,  True,  True]), array([ True,  True,  True]), array([ True,  True,  True])]",
    "worst_case_pomdp_values_simulated_rl": "[]",
    "worst_case_pomdp_values_simulated_fsc": "[]",
    "was_worst_case_same_as_simulated": "[]",
    "worst_case_index_rl": "[]",
    "worst_case_index_fsc": "[]",
    "worst_case_index_paynt": "[]",
    "environment_type": "batched_vec_storm",
    "number_of_extraction_trajectories": "[]",
    "extraction_type": "si-g",
    "lstm_width": 32,
    "extraction_less": false,
    "geometric_batched_vec_storm": true,
    "periodic_restarts": false,
    "worst_case_on_subset_rl": "[]",
    "worst_case_on_subset_fsc": "[]",
    "worst_cases_reachability_rl": "[]",
    "worst_cases_reachability_fsc": "[]",
    "period_between_worst_case_evaluation": "5",
    "shrink_and_perturb_activated": "[False, False, False, False, False, False]",
    "nr_of_clusters": "[496, 761, 708, 358, 304, 605]",
    "lstm_extracted_reachability": "[]",
    "lstm_extracted_return": "[]",
    "seed": "12345",
    "initial_time": "1757439330.357672",
    "rl_training_times": "[362.4759922027588, 900.2031171321869, 1435.7517879009247, 1956.919973373413, 2465.4468586444855, 3049.248635530472]",
    "fsc_extraction_times": "[763.2503221035004, 1309.9842264652252, 1837.9015567302704, 2346.5996906757355, 2898.828829050064, 3477.9296753406525]",
    "family_performance_times": "[789.095671415329, 1330.7598037719727, 1857.3980276584625, 2359.567046880722, 2911.9451258182526, 3495.41019821167]",
    "worst_case_evaluation_times_rl": "[]",
    "worst_case_evaluation_times_fsc": "[]",
    "lstm_extracted_result_times": "[]",
    "cluster_evaluation_times": "[408.220383644104, 948.1373021602631, 1482.4463102817535, 2003.3545229434967, 2511.7396030426025, 3096.64128947258]"
}