{
    "number_of_pomdps_in_family": "1",
    "num_training_steps_per_iteration": "301",
    "average_rl_return_subset_simulated": "[364.6363, 304.66016, 290.7959, 286.93195]",
    "average_rl_reachability_subset_simulated": "[1.0, 1.0, 1.0, 1.0]",
    "average_extracted_fsc_return_subset_simulated": "[373.5187, 302.65384, 287.1029, 288.18243]",
    "average_extracted_fsc_reachability_subset_simulated": "[1.0, 1.0, 1.0, 1.0]",
    "family_performance": "[271.2212467251745, 270.3313856761802, 275.4981763366664, 282.4400955675159]",
    "available_nodes_in_fsc": "[array([ True,  True,  True,  True,  True,  True,  True,  True,  True]), array([ True,  True,  True,  True,  True,  True,  True]), array([ True,  True,  True,  True,  True]), array([ True,  True,  True])]",
    "worst_case_pomdp_values_simulated_rl": "[]",
    "worst_case_pomdp_values_simulated_fsc": "[]",
    "was_worst_case_same_as_simulated": "[]",
    "worst_case_index_rl": "[]",
    "worst_case_index_fsc": "[]",
    "worst_case_index_paynt": "[]",
    "environment_type": "batched_vec_storm",
    "number_of_extraction_trajectories": "[]",
    "extraction_type": "alergia",
    "lstm_width": 32,
    "extraction_less": false,
    "geometric_batched_vec_storm": true,
    "periodic_restarts": false,
    "worst_case_on_subset_rl": "[]",
    "worst_case_on_subset_fsc": "[]",
    "worst_cases_reachability_rl": "[]",
    "worst_cases_reachability_fsc": "[]",
    "period_between_worst_case_evaluation": "5",
    "shrink_and_perturb_activated": "[False, False, False, False]",
    "nr_of_clusters": "[389, 376, 353, 393]",
    "lstm_extracted_reachability": "[]",
    "lstm_extracted_return": "[]",
    "seed": "12345",
    "initial_time": "1757135077.4175823",
    "rl_training_times": "[326.3361728191376, 548.2531316280365, 764.8872919082642, 991.3027443885803]",
    "fsc_extraction_times": "[475.0179994106293, 691.9033312797546, 915.9260995388031, 1140.269057750702]",
    "family_performance_times": "[485.07217240333557, 702.7808887958527, 925.8253107070923, 1150.8085861206055]",
    "worst_case_evaluation_times_rl": "[]",
    "worst_case_evaluation_times_fsc": "[]",
    "lstm_extracted_result_times": "[]",
    "cluster_evaluation_times": "[374.95659470558167, 594.7162914276123, 816.971150636673, 1039.3613939285278]"
}