{
    "number_of_pomdps_in_family": "1",
    "num_training_steps_per_iteration": "301",
    "average_rl_return_subset_simulated": "[560.564, 334.06055, 294.1856, 292.11963, 284.4536, 285.79257]",
    "average_rl_reachability_subset_simulated": "[1.0, 1.0, 1.0, 1.0, 1.0, 1.0]",
    "average_extracted_fsc_return_subset_simulated": "[574.9524, 339.1307, 293.63696, 293.95044, 287.71176, 285.7978]",
    "average_extracted_fsc_reachability_subset_simulated": "[1.0, 1.0, 1.0, 1.0, 1.0, 1.0]",
    "family_performance": "[228.513560671187, 238.54733888384277, 273.2867530603686, 289.71829436830023, 285.2448312271278, 287.2164457936361]",
    "available_nodes_in_fsc": "[array([ True,  True,  True]), array([ True,  True,  True]), array([ True,  True,  True]), array([ True,  True,  True]), array([ True,  True, False]), array([ True,  True,  True])]",
    "worst_case_pomdp_values_simulated_rl": "[]",
    "worst_case_pomdp_values_simulated_fsc": "[]",
    "was_worst_case_same_as_simulated": "[]",
    "worst_case_index_rl": "[]",
    "worst_case_index_fsc": "[]",
    "worst_case_index_paynt": "[]",
    "environment_type": "batched_vec_storm",
    "number_of_extraction_trajectories": "[]",
    "extraction_type": "si-g",
    "lstm_width": 32,
    "extraction_less": false,
    "geometric_batched_vec_storm": true,
    "periodic_restarts": false,
    "worst_case_on_subset_rl": "[]",
    "worst_case_on_subset_fsc": "[]",
    "worst_cases_reachability_rl": "[]",
    "worst_cases_reachability_fsc": "[]",
    "period_between_worst_case_evaluation": "5",
    "shrink_and_perturb_activated": "[False, False, False, False, False, False]",
    "nr_of_clusters": "[320, 259, 279, 303, 270, 279]",
    "lstm_extracted_reachability": "[]",
    "lstm_extracted_return": "[]",
    "seed": "23456",
    "initial_time": "1757253072.5884523",
    "rl_training_times": "[328.5235867500305, 810.7356231212616, 1306.614507675171, 1788.5262892246246, 2288.650265455246, 2788.3105726242065]",
    "fsc_extraction_times": "[707.083779335022, 1197.1379942893982, 1680.2352440357208, 2180.1538887023926, 2676.7537059783936, 3162.791575193405]",
    "family_performance_times": "[718.2131834030151, 1207.635699748993, 1691.2627139091492, 2191.2464785575867, 2690.0946164131165, 3173.52734208107]",
    "worst_case_evaluation_times_rl": "[]",
    "worst_case_evaluation_times_fsc": "[]",
    "lstm_extracted_result_times": "[]",
    "cluster_evaluation_times": "[376.8179225921631, 871.751148223877, 1355.5154764652252, 1837.4202635288239, 2337.44474196434, 2838.4205236434937]"
}