{
    "number_of_pomdps_in_family": "1",
    "num_training_steps_per_iteration": "301",
    "average_rl_return_subset_simulated": "[518.4329, 319.11646, 297.06125]",
    "average_rl_reachability_subset_simulated": "[1.0, 1.0, 1.0]",
    "average_extracted_fsc_return_subset_simulated": "[522.3608, 324.26993, 304.36975]",
    "average_extracted_fsc_reachability_subset_simulated": "[1.0, 1.0, 1.0]",
    "family_performance": "[255.37279463887188, 277.34118722458675, 293.7178773806855]",
    "available_nodes_in_fsc": "[array([ True,  True,  True]), array([ True,  True,  True]), array([ True,  True,  True])]",
    "worst_case_pomdp_values_simulated_rl": "[]",
    "worst_case_pomdp_values_simulated_fsc": "[]",
    "was_worst_case_same_as_simulated": "[]",
    "worst_case_index_rl": "[]",
    "worst_case_index_fsc": "[]",
    "worst_case_index_paynt": "[]",
    "environment_type": "batched_vec_storm",
    "number_of_extraction_trajectories": "[]",
    "extraction_type": "si-g",
    "lstm_width": 32,
    "extraction_less": false,
    "geometric_batched_vec_storm": true,
    "periodic_restarts": false,
    "worst_case_on_subset_rl": "[]",
    "worst_case_on_subset_fsc": "[]",
    "worst_cases_reachability_rl": "[]",
    "worst_cases_reachability_fsc": "[]",
    "period_between_worst_case_evaluation": "5",
    "shrink_and_perturb_activated": "[False, False, False]",
    "nr_of_clusters": "[415, 306, 363]",
    "lstm_extracted_reachability": "[]",
    "lstm_extracted_return": "[]",
    "seed": "623456",
    "initial_time": "1757253949.0557497",
    "rl_training_times": "[326.73134326934814, 801.9918417930603, 1310.165755033493]",
    "fsc_extraction_times": "[697.2814545631409, 1204.6539595127106, 1702.1624047756195]",
    "family_performance_times": "[708.6506614685059, 1215.390956878662, 1713.2395589351654]",
    "worst_case_evaluation_times_rl": "[]",
    "worst_case_evaluation_times_fsc": "[]",
    "lstm_extracted_result_times": "[]",
    "cluster_evaluation_times": "[376.56232142448425, 850.6140637397766, 1360.4317245483398]"
}