{
    "number_of_pomdps_in_family": "1",
    "num_training_steps_per_iteration": "301",
    "average_rl_return_subset_simulated": "[361.0311]",
    "average_rl_reachability_subset_simulated": "[1.0]",
    "average_extracted_fsc_return_subset_simulated": "[372.5389]",
    "average_extracted_fsc_reachability_subset_simulated": "[1.0]",
    "family_performance": "[281.66018676722877]",
    "available_nodes_in_fsc": "[array([ True,  True,  True])]",
    "worst_case_pomdp_values_simulated_rl": "[]",
    "worst_case_pomdp_values_simulated_fsc": "[]",
    "was_worst_case_same_as_simulated": "[]",
    "worst_case_index_rl": "[]",
    "worst_case_index_fsc": "[]",
    "worst_case_index_paynt": "[]",
    "environment_type": "batched_vec_storm",
    "number_of_extraction_trajectories": "[]",
    "extraction_type": "si-g",
    "lstm_width": 32,
    "extraction_less": false,
    "geometric_batched_vec_storm": true,
    "periodic_restarts": false,
    "worst_case_on_subset_rl": "[]",
    "worst_case_on_subset_fsc": "[]",
    "worst_cases_reachability_rl": "[]",
    "worst_cases_reachability_fsc": "[]",
    "period_between_worst_case_evaluation": "5",
    "shrink_and_perturb_activated": "[False]",
    "nr_of_clusters": "[363]",
    "lstm_extracted_reachability": "[]",
    "lstm_extracted_return": "[]",
    "seed": "634567",
    "initial_time": "1757318911.6785395",
    "rl_training_times": "[327.3170244693756]",
    "fsc_extraction_times": "[704.9841935634613]",
    "family_performance_times": "[716.3828229904175]",
    "worst_case_evaluation_times_rl": "[]",
    "worst_case_evaluation_times_fsc": "[]",
    "lstm_extracted_result_times": "[]",
    "cluster_evaluation_times": "[374.4407789707184]"
}