{
    "number_of_pomdps_in_family": "1",
    "num_training_steps_per_iteration": "301",
    "average_rl_return_subset_simulated": "[523.2972, 332.9745, 265.61847, 264.38922, 277.0448, 291.4358, 285.5188, 283.5677, 284.45966]",
    "average_rl_reachability_subset_simulated": "[1.0, 1.0, 1.0, 1.0, 1.0, 1.0, 1.0, 1.0, 1.0]",
    "average_extracted_fsc_return_subset_simulated": "[521.03174, 328.12857, 259.83917, 256.59442, 272.37195, 285.14078, 285.50668, 284.1752, 281.01654]",
    "average_extracted_fsc_reachability_subset_simulated": "[1.0, 1.0, 1.0, 1.0, 1.0, 1.0, 1.0, 1.0, 1.0]",
    "family_performance": "[226.1092253848286, 226.87077728148319, 231.25257282799112, 245.78843860721014, 269.93516816755533, 286.82421326074956, 285.9029606066642, 283.54614902392535, 285.5025179039105]",
    "available_nodes_in_fsc": "[array([ True,  True,  True,  True,  True,  True,  True,  True]), array([ True,  True,  True,  True,  True,  True,  True,  True]), array([ True,  True,  True,  True,  True,  True,  True]), array([ True,  True,  True,  True,  True,  True]), array([ True,  True,  True,  True,  True,  True,  True,  True,  True]), array([ True,  True,  True,  True,  True,  True,  True,  True]), array([ True,  True,  True,  True,  True,  True,  True,  True]), array([ True,  True,  True,  True,  True,  True,  True,  True,  True,\n        True]), array([ True,  True,  True,  True,  True,  True,  True,  True])]",
    "worst_case_pomdp_values_simulated_rl": "[]",
    "worst_case_pomdp_values_simulated_fsc": "[]",
    "was_worst_case_same_as_simulated": "[]",
    "worst_case_index_rl": "[]",
    "worst_case_index_fsc": "[]",
    "worst_case_index_paynt": "[]",
    "environment_type": "batched_vec_storm",
    "number_of_extraction_trajectories": "[]",
    "extraction_type": "alergia",
    "lstm_width": 32,
    "extraction_less": false,
    "geometric_batched_vec_storm": true,
    "periodic_restarts": false,
    "worst_case_on_subset_rl": "[]",
    "worst_case_on_subset_fsc": "[]",
    "worst_cases_reachability_rl": "[]",
    "worst_cases_reachability_fsc": "[]",
    "period_between_worst_case_evaluation": "5",
    "shrink_and_perturb_activated": "[False, False, False, False, False, False, False, False, False]",
    "nr_of_clusters": "[551, 450, 298, 274, 346, 525, 585, 526, 573]",
    "lstm_extracted_reachability": "[]",
    "lstm_extracted_return": "[]",
    "seed": "612345",
    "initial_time": "1757140321.831451",
    "rl_training_times": "[318.8046553134918, 530.4749982357025, 749.7378060817719, 962.1893165111542, 1189.4838962554932, 1405.283996105194, 1623.2099022865295, 1844.465569972992, 2074.599508523941]",
    "fsc_extraction_times": "[461.9028477668762, 673.3130283355713, 891.8313233852386, 1117.1408860683441, 1334.7423508167267, 1550.1841373443604, 1768.6460518836975, 1996.2875218391418, 2225.0798835754395]",
    "family_performance_times": "[471.52576446533203, 686.362683057785, 901.8987030982971, 1127.852727651596, 1344.823147535324, 1560.3904240131378, 1779.61332821846, 2006.9897847175598, 2236.7152938842773]",
    "worst_case_evaluation_times_rl": "[]",
    "worst_case_evaluation_times_fsc": "[]",
    "lstm_extracted_result_times": "[]",
    "cluster_evaluation_times": "[368.7148299217224, 580.2699954509735, 798.6625833511353, 1013.8789238929749, 1236.9195022583008, 1455.6363365650177, 1671.6921169757843, 1900.248451948166, 2124.887271642685]"
}