{
    "number_of_pomdps_in_family": "1",
    "num_training_steps_per_iteration": "301",
    "average_rl_return_subset_simulated": "[522.3687, 323.06165, 282.84]",
    "average_rl_reachability_subset_simulated": "[1.0, 1.0, 1.0]",
    "average_extracted_fsc_return_subset_simulated": "[530.28204, 327.66245, 290.79724]",
    "average_extracted_fsc_reachability_subset_simulated": "[1.0, 1.0, 1.0]",
    "family_performance": "[227.48838671168684, 238.45961334467492, 266.6226895500804]",
    "available_nodes_in_fsc": "[array([ True,  True,  True]), array([ True,  True,  True]), array([ True,  True,  True])]",
    "worst_case_pomdp_values_simulated_rl": "[]",
    "worst_case_pomdp_values_simulated_fsc": "[]",
    "was_worst_case_same_as_simulated": "[]",
    "worst_case_index_rl": "[]",
    "worst_case_index_fsc": "[]",
    "worst_case_index_paynt": "[]",
    "environment_type": "batched_vec_storm",
    "number_of_extraction_trajectories": "[]",
    "extraction_type": "si-g",
    "lstm_width": 32,
    "extraction_less": false,
    "geometric_batched_vec_storm": true,
    "periodic_restarts": false,
    "worst_case_on_subset_rl": "[]",
    "worst_case_on_subset_fsc": "[]",
    "worst_cases_reachability_rl": "[]",
    "worst_cases_reachability_fsc": "[]",
    "period_between_worst_case_evaluation": "5",
    "shrink_and_perturb_activated": "[False, False, False]",
    "nr_of_clusters": "[405, 271, 309]",
    "lstm_extracted_reachability": "[]",
    "lstm_extracted_return": "[]",
    "seed": "612345",
    "initial_time": "1757190391.7106593",
    "rl_training_times": "[333.219135761261, 854.942409992218, 1371.0403594970703]",
    "fsc_extraction_times": "[745.0671105384827, 1262.5979328155518, 1781.3683035373688]",
    "family_performance_times": "[756.3853554725647, 1273.0101120471954, 1792.119604587555]",
    "worst_case_evaluation_times_rl": "[]",
    "worst_case_evaluation_times_fsc": "[]",
    "lstm_extracted_result_times": "[]",
    "cluster_evaluation_times": "[381.8431315422058, 902.8019847869873, 1418.823010444641]"
}