{
    "number_of_pomdps_in_family": "1",
    "num_training_steps_per_iteration": "301",
    "average_rl_return_subset_simulated": "[364.6363, 309.58124]",
    "average_rl_reachability_subset_simulated": "[1.0, 1.0]",
    "average_extracted_fsc_return_subset_simulated": "[378.20837, 307.8033]",
    "average_extracted_fsc_reachability_subset_simulated": "[1.0, 1.0]",
    "family_performance": "[279.1212832098162, 278.8983412219113]",
    "available_nodes_in_fsc": "[array([ True,  True,  True,  True,  True,  True,  True,  True,  True]), array([ True,  True,  True,  True,  True,  True,  True,  True,  True])]",
    "worst_case_pomdp_values_simulated_rl": "[]",
    "worst_case_pomdp_values_simulated_fsc": "[]",
    "was_worst_case_same_as_simulated": "[]",
    "worst_case_index_rl": "[]",
    "worst_case_index_fsc": "[]",
    "worst_case_index_paynt": "[]",
    "environment_type": "batched_vec_storm",
    "number_of_extraction_trajectories": "[]",
    "extraction_type": "si-g",
    "lstm_width": 32,
    "extraction_less": false,
    "geometric_batched_vec_storm": true,
    "periodic_restarts": false,
    "worst_case_on_subset_rl": "[]",
    "worst_case_on_subset_fsc": "[]",
    "worst_cases_reachability_rl": "[]",
    "worst_cases_reachability_fsc": "[]",
    "period_between_worst_case_evaluation": "5",
    "shrink_and_perturb_activated": "[False, False]",
    "nr_of_clusters": "[389, 411]",
    "lstm_extracted_reachability": "[]",
    "lstm_extracted_return": "[]",
    "seed": "12345",
    "initial_time": "1757102673.9201221",
    "rl_training_times": "[329.8256347179413, 779.8105902671814]",
    "fsc_extraction_times": "[700.795759677887, 1161.2770881652832]",
    "family_performance_times": "[713.8338129520416, 1175.032740354538]",
    "worst_case_evaluation_times_rl": "[]",
    "worst_case_evaluation_times_fsc": "[]",
    "lstm_extracted_result_times": "[]",
    "cluster_evaluation_times": "[378.56733655929565, 827.1008794307709]"
}