{
    "number_of_pomdps_in_family": "1",
    "num_training_steps_per_iteration": "301",
    "average_rl_return_subset_simulated": "[522.3687, 333.76938]",
    "average_rl_reachability_subset_simulated": "[1.0, 1.0]",
    "average_extracted_fsc_return_subset_simulated": "[524.2815, 329.48102]",
    "average_extracted_fsc_reachability_subset_simulated": "[1.0, 1.0]",
    "family_performance": "[226.6883423927421, 234.7415026299836]",
    "available_nodes_in_fsc": "[array([ True,  True,  True,  True,  True,  True,  True]), array([ True,  True,  True,  True,  True,  True])]",
    "worst_case_pomdp_values_simulated_rl": "[]",
    "worst_case_pomdp_values_simulated_fsc": "[]",
    "was_worst_case_same_as_simulated": "[]",
    "worst_case_index_rl": "[]",
    "worst_case_index_fsc": "[]",
    "worst_case_index_paynt": "[]",
    "environment_type": "batched_vec_storm",
    "number_of_extraction_trajectories": "[]",
    "extraction_type": "alergia",
    "lstm_width": 32,
    "extraction_less": false,
    "geometric_batched_vec_storm": true,
    "periodic_restarts": false,
    "worst_case_on_subset_rl": "[]",
    "worst_case_on_subset_fsc": "[]",
    "worst_cases_reachability_rl": "[]",
    "worst_cases_reachability_fsc": "[]",
    "period_between_worst_case_evaluation": "5",
    "shrink_and_perturb_activated": "[False, False]",
    "nr_of_clusters": "[405, 268]",
    "lstm_extracted_reachability": "[]",
    "lstm_extracted_return": "[]",
    "seed": "612345",
    "initial_time": "1757223978.10689",
    "rl_training_times": "[347.6033179759979, 611.7147476673126]",
    "fsc_extraction_times": "[500.5343291759491, 770.7676782608032]",
    "family_performance_times": "[510.8613703250885, 782.2331597805023]",
    "worst_case_evaluation_times_rl": "[]",
    "worst_case_evaluation_times_fsc": "[]",
    "lstm_extracted_result_times": "[]",
    "cluster_evaluation_times": "[397.8974792957306, 662.3079307079315]"
}