{
    "number_of_pomdps_in_family": "1",
    "num_training_steps_per_iteration": "301",
    "average_rl_return_subset_simulated": "[560.564, 329.27347, 290.3217, 292.92563, 295.1821, 287.35504]",
    "average_rl_reachability_subset_simulated": "[1.0, 1.0, 1.0, 1.0, 1.0, 1.0]",
    "average_extracted_fsc_return_subset_simulated": "[568.6437, 341.56033, 288.30396, 285.38623, 289.80035, 281.8122]",
    "average_extracted_fsc_reachability_subset_simulated": "[1.0, 1.0, 1.0, 1.0, 1.0, 1.0]",
    "family_performance": "[227.4232618407447, 236.27568863714862, 265.33110830044353, 280.43136209317055, 285.4371125674619, 282.9883620569705]",
    "available_nodes_in_fsc": "[array([ True,  True,  True,  True,  True,  True]), array([ True,  True,  True,  True,  True,  True,  True]), array([ True,  True,  True,  True,  True,  True]), array([ True,  True,  True,  True,  True,  True,  True,  True,  True]), array([ True,  True,  True]), array([ True,  True,  True,  True,  True,  True,  True,  True])]",
    "worst_case_pomdp_values_simulated_rl": "[]",
    "worst_case_pomdp_values_simulated_fsc": "[]",
    "was_worst_case_same_as_simulated": "[]",
    "worst_case_index_rl": "[]",
    "worst_case_index_fsc": "[]",
    "worst_case_index_paynt": "[]",
    "environment_type": "batched_vec_storm",
    "number_of_extraction_trajectories": "[]",
    "extraction_type": "alergia",
    "lstm_width": 32,
    "extraction_less": false,
    "geometric_batched_vec_storm": true,
    "periodic_restarts": false,
    "worst_case_on_subset_rl": "[]",
    "worst_case_on_subset_fsc": "[]",
    "worst_cases_reachability_rl": "[]",
    "worst_cases_reachability_fsc": "[]",
    "period_between_worst_case_evaluation": "5",
    "shrink_and_perturb_activated": "[False, False, False, False, False, False]",
    "nr_of_clusters": "[320, 252, 263, 313, 332, 282]",
    "lstm_extracted_reachability": "[]",
    "lstm_extracted_return": "[]",
    "seed": "23456",
    "initial_time": "1757287841.5170012",
    "rl_training_times": "[322.37030482292175, 568.9713046550751, 818.8629071712494, 1073.20995926857, 1321.1568682193756, 1572.6940202713013]",
    "fsc_extraction_times": "[467.84495997428894, 715.3884654045105, 966.2654323577881, 1217.2899458408356, 1467.9208209514618, 1715.8722500801086]",
    "family_performance_times": "[477.64530539512634, 726.285891532898, 979.5092334747314, 1227.7905910015106, 1478.203113079071, 1726.7043855190277]",
    "worst_case_evaluation_times_rl": "[]",
    "worst_case_evaluation_times_fsc": "[]",
    "lstm_extracted_result_times": "[]",
    "cluster_evaluation_times": "[371.54607248306274, 618.9632816314697, 866.6645798683167, 1122.3220767974854, 1372.6673438549042, 1621.2545042037964]"
}