{
    "number_of_pomdps_in_family": "1",
    "num_training_steps_per_iteration": "301",
    "average_rl_return_subset_simulated": "[5.8537593, 4.5159235, 4.1031785, 3.9471083, 3.861244, 3.8636308]",
    "average_rl_reachability_subset_simulated": "[1.0, 1.0, 1.0, 1.0, 1.0, 1.0]",
    "average_extracted_fsc_return_subset_simulated": "[5.807047, 4.4936476, 4.0593348, 3.847133, 3.8001473, 3.8418667]",
    "average_extracted_fsc_reachability_subset_simulated": "[1.0, 1.0, 1.0, 1.0, 1.0, 1.0]",
    "family_performance": "[3.5776758103068476, 3.7490744105509832, 3.7619307698620448, 3.7753974328917543, 3.801801313805554, 3.825560990264939]",
    "available_nodes_in_fsc": "[array([ True,  True,  True]), array([ True,  True,  True]), array([ True,  True,  True]), array([ True,  True,  True]), array([ True,  True,  True]), array([ True,  True,  True])]",
    "worst_case_pomdp_values_simulated_rl": "[]",
    "worst_case_pomdp_values_simulated_fsc": "[]",
    "was_worst_case_same_as_simulated": "[]",
    "worst_case_index_rl": "[]",
    "worst_case_index_fsc": "[]",
    "worst_case_index_paynt": "[]",
    "environment_type": "batched_vec_storm",
    "number_of_extraction_trajectories": "[]",
    "extraction_type": "si-g",
    "lstm_width": 32,
    "extraction_less": false,
    "geometric_batched_vec_storm": true,
    "periodic_restarts": false,
    "worst_case_on_subset_rl": "[]",
    "worst_case_on_subset_fsc": "[]",
    "worst_cases_reachability_rl": "[]",
    "worst_cases_reachability_fsc": "[]",
    "period_between_worst_case_evaluation": "5",
    "shrink_and_perturb_activated": "[False, False, False, False, False, False]",
    "nr_of_clusters": "[1280, 1532, 1481, 1462, 1388, 1353]",
    "lstm_extracted_reachability": "[]",
    "lstm_extracted_return": "[]",
    "seed": "23456",
    "initial_time": "1757493718.553213",
    "rl_training_times": "[332.7750825881958, 891.6393268108368, 1462.6492521762848, 2031.355926990509, 2611.5425219535828, 3224.6524584293365]",
    "fsc_extraction_times": "[731.7268331050873, 1299.3642008304596, 1867.0405759811401, 2447.685272693634, 3056.0722646713257, 3642.210019826889]",
    "family_performance_times": "[745.2615025043488, 1313.213523387909, 1880.3941023349762, 2459.030281305313, 3067.5368671417236, 3653.819372653961]",
    "worst_case_evaluation_times_rl": "[]",
    "worst_case_evaluation_times_fsc": "[]",
    "lstm_extracted_result_times": "[]",
    "cluster_evaluation_times": "[379.1865608692169, 935.23326587677, 1507.4226422309875, 2077.9439158439636, 2680.590072631836, 3271.024696826935]"
}