{
    "number_of_pomdps_in_family": "1",
    "num_training_steps_per_iteration": "301",
    "average_rl_return_subset_simulated": "[10.532423, 4.6471715, 3.9998615, 3.8859334, 3.7912524, 3.8492746, 3.8547122, 3.8136153, 3.8122709, 3.7877047]",
    "average_rl_reachability_subset_simulated": "[1.0, 1.0, 1.0, 1.0, 1.0, 1.0, 1.0, 1.0, 1.0, 1.0]",
    "average_extracted_fsc_return_subset_simulated": "[10.217912, 4.5133867, 3.8967662, 3.7529683, 3.685364, 3.6891263, 3.6975036, 3.6812286, 3.711209, 3.6935878]",
    "average_extracted_fsc_reachability_subset_simulated": "[1.0, 1.0, 1.0, 1.0, 1.0, 1.0, 1.0, 1.0, 1.0, 1.0]",
    "family_performance": "[3.5063419129925295, 3.5379677305919643, 3.627086264799934, 3.6491918491168613, 3.650405244821024, 3.6760245538806253, 3.686736442626563, 3.6572312088230716, 3.6995385987901734, 3.6805644142919647]",
    "available_nodes_in_fsc": "[array([ True,  True,  True]), array([ True,  True,  True,  True]), array([ True,  True,  True,  True]), array([ True,  True,  True,  True,  True,  True,  True]), array([ True,  True,  True]), array([ True,  True,  True]), array([ True,  True,  True,  True,  True]), array([ True,  True,  True]), array([ True,  True,  True,  True]), array([ True,  True,  True,  True,  True])]",
    "worst_case_pomdp_values_simulated_rl": "[]",
    "worst_case_pomdp_values_simulated_fsc": "[]",
    "was_worst_case_same_as_simulated": "[]",
    "worst_case_index_rl": "[]",
    "worst_case_index_fsc": "[]",
    "worst_case_index_paynt": "[]",
    "environment_type": "batched_vec_storm",
    "number_of_extraction_trajectories": "[]",
    "extraction_type": "alergia",
    "lstm_width": 32,
    "extraction_less": false,
    "geometric_batched_vec_storm": true,
    "periodic_restarts": false,
    "worst_case_on_subset_rl": "[]",
    "worst_case_on_subset_fsc": "[]",
    "worst_cases_reachability_rl": "[]",
    "worst_cases_reachability_fsc": "[]",
    "period_between_worst_case_evaluation": "5",
    "shrink_and_perturb_activated": "[False, False, False, False, False, False, False, False, False, False]",
    "nr_of_clusters": "[737, 1162, 1333, 1176, 766, 844, 980, 960, 1008, 1103]",
    "lstm_extracted_reachability": "[]",
    "lstm_extracted_return": "[]",
    "seed": "12345",
    "initial_time": "1757461267.4312449",
    "rl_training_times": "[344.1559543609619, 646.1673488616943, 959.6781330108643, 1272.662121772766, 1582.2358920574188, 1894.4369056224823, 2215.460668325424, 2519.527983903885, 2826.5257880687714, 3138.0768344402313]",
    "fsc_extraction_times": "[493.203156709671, 798.4218292236328, 1108.2768025398254, 1422.0769791603088, 1733.202917098999, 2050.5100712776184, 2357.79874253273, 2663.864921808243, 2971.1101791858673, 3291.1861441135406]",
    "family_performance_times": "[506.0073606967926, 810.3730800151825, 1122.3722536563873, 1436.756328344345, 1745.0245542526245, 2063.896876811981, 2368.9657111167908, 2675.838351249695, 2984.7924659252167, 3303.445021867752]",
    "worst_case_evaluation_times_rl": "[]",
    "worst_case_evaluation_times_fsc": "[]",
    "lstm_extracted_result_times": "[]",
    "cluster_evaluation_times": "[390.4232482910156, 693.2732973098755, 1003.5349988937378, 1318.2464818954468, 1629.4246513843536, 1943.775606393814, 2260.965316295624, 2565.8019206523895, 2872.5226662158966, 3185.5487508773804]"
}