{
    "number_of_pomdps_in_family": "1",
    "num_training_steps_per_iteration": "301",
    "average_rl_return_subset_simulated": "[10.532423, 4.635509, 4.058286, 3.8551152, 3.8045478, 3.8254242, 3.8500612]",
    "average_rl_reachability_subset_simulated": "[1.0, 1.0, 1.0, 1.0, 1.0, 1.0, 1.0]",
    "average_extracted_fsc_return_subset_simulated": "[10.552682, 4.6625524, 4.0556936, 3.8455253, 3.8348193, 3.794428, 3.8399413]",
    "average_extracted_fsc_reachability_subset_simulated": "[1.0, 1.0, 1.0, 1.0, 1.0, 1.0, 1.0]",
    "family_performance": "[3.6337344276899146, 3.6731048248759404, 3.727339982417352, 3.750594284930789, 3.796896748237373, 3.803271881761164, 3.807800846589316]",
    "available_nodes_in_fsc": "[array([ True,  True,  True]), array([ True,  True,  True]), array([ True,  True,  True]), array([ True,  True,  True]), array([ True,  True,  True]), array([ True,  True,  True]), array([ True,  True,  True])]",
    "worst_case_pomdp_values_simulated_rl": "[]",
    "worst_case_pomdp_values_simulated_fsc": "[]",
    "was_worst_case_same_as_simulated": "[]",
    "worst_case_index_rl": "[]",
    "worst_case_index_fsc": "[]",
    "worst_case_index_paynt": "[]",
    "environment_type": "batched_vec_storm",
    "number_of_extraction_trajectories": "[]",
    "extraction_type": "si-g",
    "lstm_width": 32,
    "extraction_less": false,
    "geometric_batched_vec_storm": true,
    "periodic_restarts": false,
    "worst_case_on_subset_rl": "[]",
    "worst_case_on_subset_fsc": "[]",
    "worst_cases_reachability_rl": "[]",
    "worst_cases_reachability_fsc": "[]",
    "period_between_worst_case_evaluation": "5",
    "shrink_and_perturb_activated": "[False, False, False, False, False, False, False]",
    "nr_of_clusters": "[737, 1175, 1130, 902, 909, 1039, 1160]",
    "lstm_extracted_reachability": "[]",
    "lstm_extracted_return": "[]",
    "seed": "12345",
    "initial_time": "1757434896.1779287",
    "rl_training_times": "[338.21090841293335, 872.3497581481934, 1425.138822555542, 1993.2757725715637, 2583.9859566688538, 3166.4298741817474, 3784.3734288215637]",
    "fsc_extraction_times": "[711.1798672676086, 1261.0792694091797, 1828.7543807029724, 2415.023989915848, 2995.5628764629364, 3613.4050273895264, 4203.430671215057]",
    "family_performance_times": "[722.62118268013, 1274.2182955741882, 1841.3916020393372, 2427.7308638095856, 3008.0730912685394, 3629.186204433441, 4214.687227487564]",
    "worst_case_evaluation_times_rl": "[]",
    "worst_case_evaluation_times_fsc": "[]",
    "lstm_extracted_result_times": "[]",
    "cluster_evaluation_times": "[384.2570571899414, 918.1717398166656, 1469.1390779018402, 2038.370952129364, 2630.8598103523254, 3216.6560513973236, 3831.258655309677]"
}