{
    "number_of_pomdps_in_family": "1",
    "num_training_steps_per_iteration": "301",
    "average_rl_return_subset_simulated": "[79.46913, 163.04192, 172.66351, 172.46535, 216.75603, 210.3545]",
    "average_rl_reachability_subset_simulated": "[1.0, 1.0, 1.0, 1.0, 1.0, 1.0]",
    "average_extracted_fsc_return_subset_simulated": "[-88.99674, -176.10417, -177.10088, -175.7672, -218.7781, -224.00154]",
    "average_extracted_fsc_reachability_subset_simulated": "[1.0, 1.0, 1.0, 1.0, 1.0, 0.9996919285274184]",
    "family_performance": "[231.07184118455683, 229.73542741946818, 221.51212695116223, 260.07147851305547, 251.46287380375728, 237.32195580970148]",
    "available_nodes_in_fsc": "[array([ True,  True,  True]), array([ True,  True,  True]), array([ True,  True,  True]), array([ True,  True,  True]), array([ True,  True]), array([ True,  True,  True])]",
    "worst_case_pomdp_values_simulated_rl": "[]",
    "worst_case_pomdp_values_simulated_fsc": "[]",
    "was_worst_case_same_as_simulated": "[]",
    "worst_case_index_rl": "[]",
    "worst_case_index_fsc": "[]",
    "worst_case_index_paynt": "[]",
    "environment_type": "batched_vec_storm",
    "number_of_extraction_trajectories": "[]",
    "extraction_type": "alergia",
    "lstm_width": 32,
    "extraction_less": false,
    "geometric_batched_vec_storm": true,
    "periodic_restarts": false,
    "worst_case_on_subset_rl": "[]",
    "worst_case_on_subset_fsc": "[]",
    "worst_cases_reachability_rl": "[]",
    "worst_cases_reachability_fsc": "[]",
    "period_between_worst_case_evaluation": "5",
    "shrink_and_perturb_activated": "[False, False, False, False, False, False]",
    "nr_of_clusters": "[595, 576, 621, 400, 408, 620]",
    "lstm_extracted_reachability": "[]",
    "lstm_extracted_return": "[]",
    "seed": "12345",
    "initial_time": "1757467179.7454057",
    "rl_training_times": "[366.33102560043335, 610.5429091453552, 858.8307154178619, 1105.8939547538757, 1350.5799601078033, 1602.902664899826]",
    "fsc_extraction_times": "[515.3546056747437, 760.2941946983337, 1007.7889564037323, 1256.27450633049, 1505.74174451828, 1758.2231040000916]",
    "family_performance_times": "[529.6968266963959, 776.7809143066406, 1023.4363615512848, 1268.7583949565887, 1518.6395440101624, 1775.326771736145]",
    "worst_case_evaluation_times_rl": "[]",
    "worst_case_evaluation_times_fsc": "[]",
    "lstm_extracted_result_times": "[]",
    "cluster_evaluation_times": "[411.78248715400696, 657.9830415248871, 904.4264216423035, 1152.2618973255157, 1396.6102559566498, 1649.3065190315247]"
}