{
    "number_of_pomdps_in_family": "1",
    "num_training_steps_per_iteration": "301",
    "average_rl_return_subset_simulated": "[79.46913, 164.5258, 168.57076]",
    "average_rl_reachability_subset_simulated": "[1.0, 1.0, 1.0]",
    "average_extracted_fsc_return_subset_simulated": "[-80.494194, -166.71123, -176.36584]",
    "average_extracted_fsc_reachability_subset_simulated": "[1.0, 1.0, 1.0]",
    "family_performance": "[232.10169855948322, 225.80861311727105, 215.23920561725214]",
    "available_nodes_in_fsc": "[array([ True,  True,  True]), array([ True,  True,  True]), array([ True,  True,  True])]",
    "worst_case_pomdp_values_simulated_rl": "[]",
    "worst_case_pomdp_values_simulated_fsc": "[]",
    "was_worst_case_same_as_simulated": "[]",
    "worst_case_index_rl": "[]",
    "worst_case_index_fsc": "[]",
    "worst_case_index_paynt": "[]",
    "environment_type": "batched_vec_storm",
    "number_of_extraction_trajectories": "[]",
    "extraction_type": "si-g",
    "lstm_width": 32,
    "extraction_less": false,
    "geometric_batched_vec_storm": true,
    "periodic_restarts": false,
    "worst_case_on_subset_rl": "[]",
    "worst_case_on_subset_fsc": "[]",
    "worst_cases_reachability_rl": "[]",
    "worst_cases_reachability_fsc": "[]",
    "period_between_worst_case_evaluation": "5",
    "shrink_and_perturb_activated": "[False, False, False]",
    "nr_of_clusters": "[595, 574, 627]",
    "lstm_extracted_reachability": "[]",
    "lstm_extracted_return": "[]",
    "seed": "12345",
    "initial_time": "1757443019.637298",
    "rl_training_times": "[344.7561626434326, 832.7219259738922, 1316.9247243404388]",
    "fsc_extraction_times": "[736.9947853088379, 1212.1177914142609, 1776.3246712684631]",
    "family_performance_times": "[752.4388637542725, 1226.1904759407043, 1793.4165959358215]",
    "worst_case_evaluation_times_rl": "[]",
    "worst_case_evaluation_times_fsc": "[]",
    "lstm_extracted_result_times": "[]",
    "cluster_evaluation_times": "[389.51974534988403, 876.7077701091766, 1362.2856364250183]"
}