{
    "number_of_pomdps_in_family": "1",
    "num_training_steps_per_iteration": "301",
    "average_rl_return_subset_simulated": "[14.636036, 4.5311103, 4.051612, 3.840031, 3.8123598, 3.7640326, 3.8136175, 3.8306847]",
    "average_rl_reachability_subset_simulated": "[1.0, 1.0, 1.0, 1.0, 1.0, 1.0, 1.0, 1.0]",
    "average_extracted_fsc_return_subset_simulated": "[14.731167, 4.6973467, 4.064009, 3.878963, 3.8350081, 3.7951362, 3.8016894, 3.7630064]",
    "average_extracted_fsc_reachability_subset_simulated": "[1.0, 1.0, 1.0, 1.0, 1.0, 1.0, 1.0, 1.0]",
    "family_performance": "[3.6073652608119042, 3.6372806261582507, 3.745880894045286, 3.7570661162301926, 3.7713551823766003, 3.7652158880194437, 3.774745846867847, 3.777638664785224]",
    "available_nodes_in_fsc": "[array([ True,  True,  True]), array([ True,  True,  True]), array([ True,  True,  True]), array([ True,  True,  True]), array([ True,  True,  True]), array([ True,  True,  True]), array([ True,  True,  True]), array([ True,  True,  True])]",
    "worst_case_pomdp_values_simulated_rl": "[]",
    "worst_case_pomdp_values_simulated_fsc": "[]",
    "was_worst_case_same_as_simulated": "[]",
    "worst_case_index_rl": "[]",
    "worst_case_index_fsc": "[]",
    "worst_case_index_paynt": "[]",
    "environment_type": "batched_vec_storm",
    "number_of_extraction_trajectories": "[]",
    "extraction_type": "si-g",
    "lstm_width": 32,
    "extraction_less": false,
    "geometric_batched_vec_storm": true,
    "periodic_restarts": false,
    "worst_case_on_subset_rl": "[]",
    "worst_case_on_subset_fsc": "[]",
    "worst_cases_reachability_rl": "[]",
    "worst_cases_reachability_fsc": "[]",
    "period_between_worst_case_evaluation": "5",
    "shrink_and_perturb_activated": "[False, False, False, False, False, False, False, False]",
    "nr_of_clusters": "[978, 1378, 912, 669, 628, 594, 641, 677]",
    "lstm_extracted_reachability": "[]",
    "lstm_extracted_return": "[]",
    "seed": "623456",
    "initial_time": "1757245845.735779",
    "rl_training_times": "[335.950315952301, 860.7066469192505, 1393.2702922821045, 1952.4606487751007, 2492.7774777412415, 3047.5732877254486, 3607.3232645988464, 4164.930129289627]",
    "fsc_extraction_times": "[694.9936258792877, 1223.2697358131409, 1779.4021801948547, 2321.2785913944244, 2885.4086639881134, 3443.625994205475, 3996.657404899597, 4545.757059574127]",
    "family_performance_times": "[708.8353824615479, 1237.6791815757751, 1791.8217091560364, 2336.253557443619, 2897.302267074585, 3458.358381509781, 4008.019050359726, 4557.867355108261]",
    "worst_case_evaluation_times_rl": "[]",
    "worst_case_evaluation_times_fsc": "[]",
    "lstm_extracted_result_times": "[]",
    "cluster_evaluation_times": "[378.9194655418396, 903.5756993293762, 1437.3366515636444, 1996.5812575817108, 2555.8526997566223, 3092.423195838928, 3653.3103284835815, 4209.9892246723175]"
}