{
    "number_of_pomdps_in_family": "1",
    "num_training_steps_per_iteration": "301",
    "average_rl_return_subset_simulated": "[6.3253255, 4.631962, 4.1380234, 3.933292, 3.8290524, 3.8347208, 3.8303778, 3.842054, 3.777017]",
    "average_rl_reachability_subset_simulated": "[1.0, 1.0, 1.0, 1.0, 1.0, 1.0, 1.0, 1.0, 1.0]",
    "average_extracted_fsc_return_subset_simulated": "[6.321707, 4.6614075, 4.142457, 3.8828125, 3.8111494, 3.846974, 3.7960334, 3.819662, 3.7851372]",
    "average_extracted_fsc_reachability_subset_simulated": "[1.0, 1.0, 1.0, 1.0, 1.0, 1.0, 1.0, 1.0, 1.0]",
    "family_performance": "[3.705774163827272, 3.7706611078266383, 3.798101062894763, 3.8129670540361396, 3.800792040051197, 3.793377448181576, 3.7948752334187508, 3.81682801588524, 3.7911080607056835]",
    "available_nodes_in_fsc": "[array([ True,  True,  True]), array([ True,  True,  True]), array([ True,  True,  True]), array([ True,  True,  True]), array([ True,  True,  True]), array([ True,  True,  True]), array([ True,  True,  True]), array([ True,  True,  True]), array([ True,  True,  True])]",
    "worst_case_pomdp_values_simulated_rl": "[]",
    "worst_case_pomdp_values_simulated_fsc": "[]",
    "was_worst_case_same_as_simulated": "[]",
    "worst_case_index_rl": "[]",
    "worst_case_index_fsc": "[]",
    "worst_case_index_paynt": "[]",
    "environment_type": "batched_vec_storm",
    "number_of_extraction_trajectories": "[]",
    "extraction_type": "si-g",
    "lstm_width": 32,
    "extraction_less": false,
    "geometric_batched_vec_storm": true,
    "periodic_restarts": false,
    "worst_case_on_subset_rl": "[]",
    "worst_case_on_subset_fsc": "[]",
    "worst_cases_reachability_rl": "[]",
    "worst_cases_reachability_fsc": "[]",
    "period_between_worst_case_evaluation": "5",
    "shrink_and_perturb_activated": "[False, False, False, False, False, False, False, False, False]",
    "nr_of_clusters": "[1505, 1578, 1450, 1359, 1423, 1439, 1388, 1350, 1206]",
    "lstm_extracted_reachability": "[]",
    "lstm_extracted_return": "[]",
    "seed": "612345",
    "initial_time": "1757178607.8380778",
    "rl_training_times": "[362.42914962768555, 952.603981256485, 1549.283928155899, 2153.4011709690094, 2762.675486803055, 3372.563013315201, 3979.0600259304047, 4569.24063539505, 5163.718692779541]",
    "fsc_extraction_times": "[792.8533039093018, 1383.268845319748, 1987.8041863441467, 2594.9673507213593, 3205.3460042476654, 3814.118582725525, 4406.4964435100555, 4997.928649425507, 5590.460118293762]",
    "family_performance_times": "[804.643018245697, 1396.0590014457703, 2001.186885356903, 2609.5308525562286, 3216.5727818012238, 3825.55664229393, 4418.081440925598, 5009.334046363831, 5601.708821058273]",
    "worst_case_evaluation_times_rl": "[]",
    "worst_case_evaluation_times_fsc": "[]",
    "lstm_extracted_result_times": "[]",
    "cluster_evaluation_times": "[407.0612120628357, 996.4769868850708, 1594.3022933006287, 2198.6072237491608, 2807.599172115326, 3417.3278925418854, 4035.4603588581085, 4615.013159751892, 5211.301693201065]"
}