{
    "number_of_pomdps_in_family": "1",
    "num_training_steps_per_iteration": "301",
    "average_rl_return_subset_simulated": "[10.447099, 4.537163, 3.9180396, 3.7019181, 3.633325, 3.6510942]",
    "average_rl_reachability_subset_simulated": "[1.0, 1.0, 1.0, 1.0, 1.0, 1.0]",
    "average_extracted_fsc_return_subset_simulated": "[10.451149, 4.5274687, 3.8916528, 3.7192647, 3.6570084, 3.6418753]",
    "average_extracted_fsc_reachability_subset_simulated": "[1.0, 1.0, 1.0, 1.0, 1.0, 1.0]",
    "family_performance": "[3.56344433557321, 3.537122483800665, 3.58283126492581, 3.6226113074291497, 3.6053681284798045, 3.645276198966054]",
    "available_nodes_in_fsc": "[array([ True,  True,  True,  True,  True,  True,  True,  True,  True]), array([ True,  True,  True,  True,  True,  True,  True,  True,  True]), array([ True,  True,  True,  True,  True,  True,  True,  True,  True]), array([ True,  True,  True,  True,  True,  True,  True,  True,  True]), array([ True,  True,  True,  True,  True,  True,  True,  True,  True]), array([ True,  True,  True,  True,  True,  True,  True,  True,  True])]",
    "worst_case_pomdp_values_simulated_rl": "[]",
    "worst_case_pomdp_values_simulated_fsc": "[]",
    "was_worst_case_same_as_simulated": "[]",
    "worst_case_index_rl": "[]",
    "worst_case_index_fsc": "[]",
    "worst_case_index_paynt": "[]",
    "environment_type": "batched_vec_storm",
    "number_of_extraction_trajectories": "[]",
    "extraction_type": "si-g",
    "lstm_width": 32,
    "extraction_less": false,
    "geometric_batched_vec_storm": true,
    "periodic_restarts": false,
    "worst_case_on_subset_rl": "[]",
    "worst_case_on_subset_fsc": "[]",
    "worst_cases_reachability_rl": "[]",
    "worst_cases_reachability_fsc": "[]",
    "period_between_worst_case_evaluation": "5",
    "shrink_and_perturb_activated": "[False, False, False, False, False, False]",
    "nr_of_clusters": "[794, 1155, 1041, 944, 909, 561]",
    "lstm_extracted_reachability": "[]",
    "lstm_extracted_return": "[]",
    "seed": "12345",
    "initial_time": "1757094580.4585705",
    "rl_training_times": "[343.6914858818054, 823.1889879703522, 1319.3502445220947, 1819.1586158275604, 2287.5975348949432, 2746.6092188358307]",
    "fsc_extraction_times": "[737.4285776615143, 1233.6981253623962, 1733.3764946460724, 2202.8819649219513, 2665.0597002506256, 3122.740792989731]",
    "family_performance_times": "[755.6940054893494, 1249.1917524337769, 1750.1314647197723, 2218.1222820281982, 2677.635094642639, 3137.846444129944]",
    "worst_case_evaluation_times_rl": "[]",
    "worst_case_evaluation_times_fsc": "[]",
    "lstm_extracted_result_times": "[]",
    "cluster_evaluation_times": "[387.27743005752563, 866.6450605392456, 1366.1782534122467, 1862.240290403366, 2332.215015411377, 2795.069484472275]"
}