{
    "number_of_pomdps_in_family": "1",
    "num_training_steps_per_iteration": "301",
    "average_rl_return_subset_simulated": "[14.707679, 4.639926, 4.105836, 3.9185882, 3.8639421, 3.8687677, 3.8227801, 3.7925174]",
    "average_rl_reachability_subset_simulated": "[1.0, 1.0, 1.0, 1.0, 1.0, 1.0, 1.0, 1.0]",
    "average_extracted_fsc_return_subset_simulated": "[14.480068, 4.676247, 4.0732327, 3.912831, 3.836499, 3.8203712, 3.7759275, 3.762826]",
    "average_extracted_fsc_reachability_subset_simulated": "[1.0, 1.0, 1.0, 1.0, 1.0, 1.0, 1.0, 1.0]",
    "family_performance": "[3.4695710058288753, 3.689789619885789, 3.7429808224598284, 3.820998038341185, 3.822005367294033, 3.8185529759461923, 3.7962878661946373, 3.7139456649901206]",
    "available_nodes_in_fsc": "[array([ True,  True,  True]), array([ True,  True,  True]), array([ True,  True,  True]), array([ True,  True,  True]), array([ True,  True,  True]), array([ True,  True,  True]), array([ True,  True,  True]), array([ True,  True,  True])]",
    "worst_case_pomdp_values_simulated_rl": "[]",
    "worst_case_pomdp_values_simulated_fsc": "[]",
    "was_worst_case_same_as_simulated": "[]",
    "worst_case_index_rl": "[]",
    "worst_case_index_fsc": "[]",
    "worst_case_index_paynt": "[]",
    "environment_type": "batched_vec_storm",
    "number_of_extraction_trajectories": "[]",
    "extraction_type": "si-g",
    "lstm_width": 32,
    "extraction_less": false,
    "geometric_batched_vec_storm": true,
    "periodic_restarts": false,
    "worst_case_on_subset_rl": "[]",
    "worst_case_on_subset_fsc": "[]",
    "worst_cases_reachability_rl": "[]",
    "worst_cases_reachability_fsc": "[]",
    "period_between_worst_case_evaluation": "5",
    "shrink_and_perturb_activated": "[False, False, False, False, False, False, False, False]",
    "nr_of_clusters": "[611, 581, 320, 400, 388, 423, 378, 520]",
    "lstm_extracted_reachability": "[]",
    "lstm_extracted_return": "[]",
    "seed": "34567",
    "initial_time": "1757311319.9030457",
    "rl_training_times": "[332.9161956310272, 860.9903652667999, 1409.3351826667786, 1982.2169001102448, 2541.259036540985, 3073.656548500061, 3613.262600660324, 4184.310312747955]",
    "fsc_extraction_times": "[700.7036595344543, 1250.385015964508, 1797.4416816234589, 2373.9830718040466, 2909.9356615543365, 3453.418721675873, 4020.728222131729, 4570.281969547272]",
    "family_performance_times": "[713.9598140716553, 1263.401427745819, 1809.2058749198914, 2385.765454530716, 2921.5570046901703, 3468.2591140270233, 4035.7695066928864, 4581.440407991409]",
    "worst_case_evaluation_times_rl": "[]",
    "worst_case_evaluation_times_fsc": "[]",
    "lstm_extracted_result_times": "[]",
    "cluster_evaluation_times": "[377.0638246536255, 907.9550442695618, 1455.9817779064178, 2026.9690825939178, 2588.5984151363373, 3117.1593828201294, 3657.771947860718, 4228.123739719391]"
}