{
    "number_of_pomdps_in_family": "1",
    "num_training_steps_per_iteration": "301",
    "average_rl_return_subset_simulated": "[10.532423, 4.635509, 4.058286, 3.8551152, 3.8045478, 3.8254242, 3.8500612]",
    "average_rl_reachability_subset_simulated": "[1.0, 1.0, 1.0, 1.0, 1.0, 1.0, 1.0]",
    "average_extracted_fsc_return_subset_simulated": "[10.552682, 4.6625524, 4.0556936, 3.8455253, 3.8348193, 3.794428, 3.8399413]",
    "average_extracted_fsc_reachability_subset_simulated": "[1.0, 1.0, 1.0, 1.0, 1.0, 1.0, 1.0]",
    "family_performance": "[3.6337344276899146, 3.6731048248759404, 3.727339982417352, 3.750594284930789, 3.796896748237373, 3.803271881761164, 3.807800846589316]",
    "available_nodes_in_fsc": "[array([ True,  True,  True]), array([ True,  True,  True]), array([ True,  True,  True]), array([ True,  True,  True]), array([ True,  True,  True]), array([ True,  True,  True]), array([ True,  True,  True])]",
    "worst_case_pomdp_values_simulated_rl": "[]",
    "worst_case_pomdp_values_simulated_fsc": "[]",
    "was_worst_case_same_as_simulated": "[]",
    "worst_case_index_rl": "[]",
    "worst_case_index_fsc": "[]",
    "worst_case_index_paynt": "[]",
    "environment_type": "batched_vec_storm",
    "number_of_extraction_trajectories": "[]",
    "extraction_type": "si-g",
    "lstm_width": 32,
    "extraction_less": false,
    "geometric_batched_vec_storm": true,
    "periodic_restarts": false,
    "worst_case_on_subset_rl": "[]",
    "worst_case_on_subset_fsc": "[]",
    "worst_cases_reachability_rl": "[]",
    "worst_cases_reachability_fsc": "[]",
    "period_between_worst_case_evaluation": "5",
    "shrink_and_perturb_activated": "[False, False, False, False, False, False, False]",
    "nr_of_clusters": "[737, 1175, 1130, 902, 909, 1039, 1160]",
    "lstm_extracted_reachability": "[]",
    "lstm_extracted_return": "[]",
    "seed": "12345",
    "initial_time": "1757177998.0710137",
    "rl_training_times": "[350.21623134613037, 939.3505823612213, 1538.7740879058838, 2143.474858522415, 2755.0373091697693, 3366.470203638077, 3977.043435573578]",
    "fsc_extraction_times": "[773.6040880680084, 1376.3394553661346, 1973.8632881641388, 2586.685621738434, 3201.451719760895, 3808.6141879558563, 4421.782264709473]",
    "family_performance_times": "[785.9180207252502, 1389.883115530014, 1985.895385980606, 2598.2971200942993, 3213.0973517894745, 3824.4420297145844, 4433.382095575333]",
    "worst_case_evaluation_times_rl": "[]",
    "worst_case_evaluation_times_fsc": "[]",
    "lstm_extracted_result_times": "[]",
    "cluster_evaluation_times": "[393.84674286842346, 983.7347881793976, 1583.1195785999298, 2188.7681312561035, 2799.6123628616333, 3411.118146419525, 4021.3740038871765]"
}