{
    "number_of_pomdps_in_family": "1",
    "num_training_steps_per_iteration": "301",
    "average_rl_return_subset_simulated": "[8.92303, 4.809317, 4.154863, 3.9678113, 3.9110725, 3.86846, 3.8113601, 3.8228173, 3.8592565, 3.8462949, 3.868183]",
    "average_rl_reachability_subset_simulated": "[1.0, 1.0, 1.0, 1.0, 1.0, 1.0, 1.0, 1.0, 1.0, 1.0, 1.0]",
    "average_extracted_fsc_return_subset_simulated": "[8.982317, 4.73249, 3.9643767, 3.9376025, 3.8380883, 3.8003192, 3.7624004, 3.7441518, 3.7766075, 3.746234, 3.772321]",
    "average_extracted_fsc_reachability_subset_simulated": "[1.0, 1.0, 1.0, 1.0, 1.0, 1.0, 1.0, 1.0, 1.0, 1.0, 1.0]",
    "family_performance": "[3.426294763652097, 3.557391844712951, 3.584472611875314, 3.7923112109519868, 3.7916290372141663, 3.7888632844990076, 3.7648215086582315, 3.780262381864798, 3.7608957948577837, 3.7427993416452443, 3.7445157365861323]",
    "available_nodes_in_fsc": "[array([ True,  True,  True]), array([ True,  True,  True]), array([ True,  True,  True]), array([ True,  True,  True]), array([ True,  True,  True]), array([ True, False,  True]), array([ True, False,  True]), array([ True,  True,  True]), array([ True,  True,  True]), array([ True,  True,  True]), array([ True,  True,  True])]",
    "worst_case_pomdp_values_simulated_rl": "[]",
    "worst_case_pomdp_values_simulated_fsc": "[]",
    "was_worst_case_same_as_simulated": "[]",
    "worst_case_index_rl": "[]",
    "worst_case_index_fsc": "[]",
    "worst_case_index_paynt": "[]",
    "environment_type": "batched_vec_storm",
    "number_of_extraction_trajectories": "[]",
    "extraction_type": "si-g",
    "lstm_width": 32,
    "extraction_less": false,
    "geometric_batched_vec_storm": true,
    "periodic_restarts": false,
    "worst_case_on_subset_rl": "[]",
    "worst_case_on_subset_fsc": "[]",
    "worst_cases_reachability_rl": "[]",
    "worst_cases_reachability_fsc": "[]",
    "period_between_worst_case_evaluation": "5",
    "shrink_and_perturb_activated": "[False, False, False, False, False, False, False, False, False, False, False]",
    "nr_of_clusters": "[803, 1230, 1258, 1248, 1237, 1178, 1100, 988, 1135, 1310, 1224]",
    "lstm_extracted_reachability": "[]",
    "lstm_extracted_return": "[]",
    "seed": "634567",
    "initial_time": "1757306751.1390579",
    "rl_training_times": "[369.1360569000244, 918.1297171115875, 1470.6023635864258, 2023.974811553955, 2593.1961834430695, 3159.077597141266, 3689.381079673767, 4241.612295150757, 4769.551257610321, 5306.118039131165, 5873.587701320648]",
    "fsc_extraction_times": "[762.602828502655, 1312.8970141410828, 1866.716416835785, 2426.2363345623016, 2992.6926140785217, 3536.7279138565063, 4080.7283840179443, 4615.382347345352, 5145.8523597717285, 5712.109878778458, 6259.8384301662445]",
    "family_performance_times": "[774.1726713180542, 1323.6900107860565, 1877.889803647995, 2441.2617926597595, 3005.4243478775024, 3548.055380344391, 4091.546767950058, 4626.158216238022, 5157.579599380493, 5724.173252105713, 6271.6454837322235]",
    "worst_case_evaluation_times_rl": "[]",
    "worst_case_evaluation_times_fsc": "[]",
    "lstm_extracted_result_times": "[]",
    "cluster_evaluation_times": "[412.6102571487427, 961.9585866928101, 1513.8981516361237, 2067.565905570984, 2637.7865097522736, 3202.9922258853912, 3732.4801642894745, 4283.447416067123, 4814.173267364502, 5350.82963180542, 5918.264844894409]"
}