{
    "number_of_pomdps_in_family": "1",
    "num_training_steps_per_iteration": "301",
    "average_rl_return_subset_simulated": "[6.220606, 4.5622773, 4.042901, 3.8708074, 3.7760847, 3.8625124, 3.7847621, 3.83044, 3.8128362, 3.8176038, 3.8336186, 3.864181]",
    "average_rl_reachability_subset_simulated": "[1.0, 1.0, 1.0, 1.0, 1.0, 1.0, 1.0, 1.0, 1.0, 1.0, 1.0, 1.0]",
    "average_extracted_fsc_return_subset_simulated": "[6.241788, 4.5063796, 4.058052, 3.875124, 3.7975197, 3.7874296, 3.7544074, 3.8098679, 3.7728941, 3.8343537, 3.840475, 3.8194172]",
    "average_extracted_fsc_reachability_subset_simulated": "[1.0, 1.0, 1.0, 1.0, 1.0, 1.0, 1.0, 1.0, 1.0, 1.0, 1.0, 1.0]",
    "family_performance": "[3.6342071063843915, 3.724777606731506, 3.738561888019052, 3.7469106265836225, 3.7639870490163077, 3.779363661417312, 3.7682265521666323, 3.789842638793992, 3.775650405691757, 3.8000941885413777, 3.800907760291367, 3.794699940117484]",
    "available_nodes_in_fsc": "[array([ True,  True,  True,  True,  True,  True,  True,  True,  True]), array([ True,  True,  True,  True,  True,  True,  True,  True,  True]), array([ True,  True,  True,  True,  True,  True,  True,  True,  True]), array([ True,  True,  True,  True,  True,  True,  True,  True,  True]), array([ True,  True,  True,  True,  True,  True,  True,  True,  True]), array([ True,  True,  True,  True,  True,  True,  True,  True,  True]), array([ True,  True,  True,  True,  True,  True,  True,  True,  True]), array([ True,  True,  True,  True,  True,  True,  True,  True,  True]), array([ True,  True,  True,  True,  True,  True,  True,  True,  True]), array([ True,  True,  True,  True,  True,  True,  True,  True,  True]), array([ True,  True,  True,  True,  True,  True,  True,  True,  True]), array([ True,  True,  True,  True,  True,  True,  True,  True,  True])]",
    "worst_case_pomdp_values_simulated_rl": "[]",
    "worst_case_pomdp_values_simulated_fsc": "[]",
    "was_worst_case_same_as_simulated": "[]",
    "worst_case_index_rl": "[]",
    "worst_case_index_fsc": "[]",
    "worst_case_index_paynt": "[]",
    "environment_type": "batched_vec_storm",
    "number_of_extraction_trajectories": "[]",
    "extraction_type": "si-g",
    "lstm_width": 32,
    "extraction_less": false,
    "geometric_batched_vec_storm": true,
    "periodic_restarts": false,
    "worst_case_on_subset_rl": "[]",
    "worst_case_on_subset_fsc": "[]",
    "worst_cases_reachability_rl": "[]",
    "worst_cases_reachability_fsc": "[]",
    "period_between_worst_case_evaluation": "5",
    "shrink_and_perturb_activated": "[False, False, False, False, False, False, False, False, False, False, False, False]",
    "nr_of_clusters": "[1395, 1605, 1533, 1423, 1295, 1198, 1202, 1088, 1083, 802, 761, 783]",
    "lstm_extracted_reachability": "[]",
    "lstm_extracted_return": "[]",
    "seed": "612345",
    "initial_time": "1757093770.97156",
    "rl_training_times": "[311.4912919998169, 774.3508679866791, 1229.3014967441559, 1700.3522856235504, 2199.4586408138275, 2695.1604714393616, 3174.6770350933075, 3637.792581796646, 4102.759224414825, 4552.890028953552, 5023.323632478714, 5498.448852062225]",
    "fsc_extraction_times": "[692.4725940227509, 1145.1785218715668, 1616.2311692237854, 2109.694288253784, 2614.2040190696716, 3088.054859161377, 3554.7325932979584, 4015.6583654880524, 4474.102333307266, 4934.645327806473, 5407.847402095795, 5871.193819284439]",
    "family_performance_times": "[705.4677784442902, 1158.2337789535522, 1630.0323493480682, 2124.284844636917, 2626.0387494564056, 3102.984288454056, 3566.762574195862, 4027.317506790161, 4485.5683307647705, 4951.864619255066, 5420.1556742191315, 5883.367391347885]",
    "worst_case_evaluation_times_rl": "[]",
    "worst_case_evaluation_times_fsc": "[]",
    "lstm_extracted_result_times": "[]",
    "cluster_evaluation_times": "[353.8882312774658, 816.1169130802155, 1271.9578607082367, 1744.3794288635254, 2242.5173354148865, 2737.8994357585907, 3220.193104982376, 3680.9251942634583, 4146.445542812347, 4595.259506940842, 5067.258227348328, 5541.757829904556]"
}