{
    "number_of_pomdps_in_family": "1",
    "num_training_steps_per_iteration": "301",
    "average_rl_return_subset_simulated": "[5.8537593, 4.5159235, 4.1031785, 3.9471083, 3.861244, 3.8636308, 3.8316214, 3.8578413, 3.8601637]",
    "average_rl_reachability_subset_simulated": "[1.0, 1.0, 1.0, 1.0, 1.0, 1.0, 1.0, 1.0, 1.0]",
    "average_extracted_fsc_return_subset_simulated": "[5.807047, 4.4936476, 4.0593348, 3.847133, 3.8001473, 3.8418667, 3.8326805, 3.7930233, 3.7725825]",
    "average_extracted_fsc_reachability_subset_simulated": "[1.0, 1.0, 1.0, 1.0, 1.0, 1.0, 1.0, 1.0, 1.0]",
    "family_performance": "[3.5776758103068476, 3.7490744105509832, 3.7619307698620448, 3.7753974328917543, 3.801801313805554, 3.825560990264939, 3.7994468112313724, 3.7620874226242136, 3.7827693050771773]",
    "available_nodes_in_fsc": "[array([ True,  True,  True]), array([ True,  True,  True]), array([ True,  True,  True]), array([ True,  True,  True]), array([ True,  True,  True]), array([ True,  True,  True]), array([ True,  True,  True]), array([ True,  True,  True]), array([ True,  True,  True])]",
    "worst_case_pomdp_values_simulated_rl": "[]",
    "worst_case_pomdp_values_simulated_fsc": "[]",
    "was_worst_case_same_as_simulated": "[]",
    "worst_case_index_rl": "[]",
    "worst_case_index_fsc": "[]",
    "worst_case_index_paynt": "[]",
    "environment_type": "batched_vec_storm",
    "number_of_extraction_trajectories": "[]",
    "extraction_type": "si-g",
    "lstm_width": 32,
    "extraction_less": false,
    "geometric_batched_vec_storm": true,
    "periodic_restarts": false,
    "worst_case_on_subset_rl": "[]",
    "worst_case_on_subset_fsc": "[]",
    "worst_cases_reachability_rl": "[]",
    "worst_cases_reachability_fsc": "[]",
    "period_between_worst_case_evaluation": "5",
    "shrink_and_perturb_activated": "[False, False, False, False, False, False, False, False, False]",
    "nr_of_clusters": "[1280, 1532, 1481, 1462, 1388, 1353, 1305, 1353, 1335]",
    "lstm_extracted_reachability": "[]",
    "lstm_extracted_return": "[]",
    "seed": "23456",
    "initial_time": "1757243292.1462448",
    "rl_training_times": "[341.1922392845154, 868.7048757076263, 1402.7680962085724, 1937.759891986847, 2481.1109647750854, 3030.6079053878784, 3567.6688153743744, 4108.394326686859, 4654.065871715546]",
    "fsc_extraction_times": "[700.4720838069916, 1239.6996612548828, 1776.5508365631104, 2322.8645837306976, 2870.7292551994324, 3410.8392622470856, 3953.1607789993286, 4497.878719329834, 5036.598769187927]",
    "family_performance_times": "[711.533077955246, 1252.155636548996, 1789.7624216079712, 2334.588875055313, 2882.5470361709595, 3421.8477082252502, 3964.7165393829346, 4509.185111761093, 5048.130429506302]",
    "worst_case_evaluation_times_rl": "[]",
    "worst_case_evaluation_times_fsc": "[]",
    "lstm_extracted_result_times": "[]",
    "cluster_evaluation_times": "[384.3987054824829, 913.9520723819733, 1448.4887418746948, 1984.825630903244, 2547.0570907592773, 3074.40558218956, 3612.526835203171, 4153.133205413818, 4700.704049348831]"
}