{
    "number_of_pomdps_in_family": "1",
    "num_training_steps_per_iteration": "301",
    "average_rl_return_subset_simulated": "[33.642056, 32.95866, 33.357372]",
    "average_rl_reachability_subset_simulated": "[0.46174406949548946, 0.4643324607329843, 0.47642186637217004]",
    "average_extracted_fsc_return_subset_simulated": "[-33.801956, -32.792847, -33.727264]",
    "average_extracted_fsc_reachability_subset_simulated": "[0.4728423858713762, 0.4585802003662609, 0.46029281277728484]",
    "family_performance": "[0.45713921243456296, 0.46011095371396316, 0.4629609306705983]",
    "available_nodes_in_fsc": "[array([ True,  True,  True]), array([ True,  True,  True]), array([ True,  True,  True])]",
    "worst_case_pomdp_values_simulated_rl": "[]",
    "worst_case_pomdp_values_simulated_fsc": "[]",
    "was_worst_case_same_as_simulated": "[]",
    "worst_case_index_rl": "[]",
    "worst_case_index_fsc": "[]",
    "worst_case_index_paynt": "[]",
    "environment_type": "batched_vec_storm",
    "number_of_extraction_trajectories": "[]",
    "extraction_type": "si-g",
    "lstm_width": 32,
    "extraction_less": false,
    "geometric_batched_vec_storm": true,
    "periodic_restarts": false,
    "worst_case_on_subset_rl": "[]",
    "worst_case_on_subset_fsc": "[]",
    "worst_cases_reachability_rl": "[]",
    "worst_cases_reachability_fsc": "[]",
    "period_between_worst_case_evaluation": "5",
    "shrink_and_perturb_activated": "[False, False, False]",
    "nr_of_clusters": "[402, 324, 298]",
    "lstm_extracted_reachability": "[]",
    "lstm_extracted_return": "[]",
    "seed": "23456",
    "initial_time": "1757479327.4223094",
    "rl_training_times": "[603.8558671474457, 2722.770239830017, 4380.528219938278]",
    "fsc_extraction_times": "[1018.6332461833954, 3135.962488412857, 4793.650784730911]",
    "family_performance_times": "[2525.9924936294556, 4179.18821811676, 5695.799165487289]",
    "worst_case_evaluation_times_rl": "[]",
    "worst_case_evaluation_times_fsc": "[]",
    "lstm_extracted_result_times": "[]",
    "cluster_evaluation_times": "[649.1064486503601, 2768.3802359104156, 4426.644639015198]"
}