{
    "number_of_pomdps_in_family": "1",
    "num_training_steps_per_iteration": "301",
    "average_rl_return_subset_simulated": "[28.032469, 30.933865, 33.20659]",
    "average_rl_reachability_subset_simulated": "[0.4714509731574578, 0.4770361298224127, 0.4738056013179572]",
    "average_extracted_fsc_return_subset_simulated": "[-28.183718, -31.041718, -33.218597]",
    "average_extracted_fsc_reachability_subset_simulated": "[0.47038166528047315, 0.463484292125663, 0.47036996616828547]",
    "family_performance": "[0.45426696347302914, 0.46066024399029026, 0.47184717324674275]",
    "available_nodes_in_fsc": "[array([ True,  True,  True]), array([ True,  True,  True]), array([ True,  True,  True])]",
    "worst_case_pomdp_values_simulated_rl": "[]",
    "worst_case_pomdp_values_simulated_fsc": "[]",
    "was_worst_case_same_as_simulated": "[]",
    "worst_case_index_rl": "[]",
    "worst_case_index_fsc": "[]",
    "worst_case_index_paynt": "[]",
    "environment_type": "batched_vec_storm",
    "number_of_extraction_trajectories": "[]",
    "extraction_type": "si-g",
    "lstm_width": 32,
    "extraction_less": false,
    "geometric_batched_vec_storm": true,
    "periodic_restarts": false,
    "worst_case_on_subset_rl": "[]",
    "worst_case_on_subset_fsc": "[]",
    "worst_cases_reachability_rl": "[]",
    "worst_cases_reachability_fsc": "[]",
    "period_between_worst_case_evaluation": "5",
    "shrink_and_perturb_activated": "[False, False, False]",
    "nr_of_clusters": "[468, 510, 480]",
    "lstm_extracted_reachability": "[]",
    "lstm_extracted_return": "[]",
    "seed": "12345",
    "initial_time": "1757420554.36548",
    "rl_training_times": "[613.0433104038239, 2017.0605900287628, 3255.4729704856873]",
    "fsc_extraction_times": "[1021.1091985702515, 2397.991884469986, 3686.7191891670227]",
    "family_performance_times": "[1818.9422957897186, 3060.7142386436462, 6876.436465501785]",
    "worst_case_evaluation_times_rl": "[]",
    "worst_case_evaluation_times_fsc": "[]",
    "lstm_extracted_result_times": "[]",
    "cluster_evaluation_times": "[659.2415835857391, 2063.588986158371, 3328.2908968925476]"
}