{
    "number_of_pomdps_in_family": "1",
    "num_training_steps_per_iteration": "301",
    "average_rl_return_subset_simulated": "[67.83209, 147.43178, 141.88733, 137.94505, 138.75395, 146.24559, 156.38435, 160.39151]",
    "average_rl_reachability_subset_simulated": "[1.0, 1.0, 1.0, 1.0, 0.999818016378526, 0.8228962818003914, 0.4810126582278481, 0.3553459119496855]",
    "average_extracted_fsc_return_subset_simulated": "[-73.513054, -161.57495, -168.58705, -169.4441, -221.36038, -443.9557, -629.2882, -469.45703]",
    "average_extracted_fsc_reachability_subset_simulated": "[1.0, 1.0, 1.0, 1.0, 1.0, 0.9417555373256767, 0.08123791102514506, 0.017578125]",
    "family_performance": "[262.53108416358793, 209.86753176500895, 206.11123340030886, 178.3964286362481, 235.0796284294449, 615.8332573679704, 14460.29784271123, 30636.004773692337]",
    "available_nodes_in_fsc": "[array([ True,  True,  True,  True,  True]), array([ True,  True,  True,  True,  True]), array([ True,  True,  True,  True,  True]), array([ True,  True,  True,  True,  True,  True]), array([ True,  True,  True,  True,  True,  True]), array([ True,  True,  True,  True]), array([ True,  True,  True]), array([ True,  True,  True])]",
    "worst_case_pomdp_values_simulated_rl": "[]",
    "worst_case_pomdp_values_simulated_fsc": "[]",
    "was_worst_case_same_as_simulated": "[]",
    "worst_case_index_rl": "[]",
    "worst_case_index_fsc": "[]",
    "worst_case_index_paynt": "[]",
    "environment_type": "batched_vec_storm",
    "number_of_extraction_trajectories": "[]",
    "extraction_type": "alergia",
    "lstm_width": 32,
    "extraction_less": false,
    "geometric_batched_vec_storm": true,
    "periodic_restarts": false,
    "worst_case_on_subset_rl": "[]",
    "worst_case_on_subset_fsc": "[]",
    "worst_cases_reachability_rl": "[]",
    "worst_cases_reachability_fsc": "[]",
    "period_between_worst_case_evaluation": "5",
    "shrink_and_perturb_activated": "[False, False, False, False, False, False, False, False]",
    "nr_of_clusters": "[304, 460, 442, 400, 518, 396, 166, 99]",
    "lstm_extracted_reachability": "[]",
    "lstm_extracted_return": "[]",
    "seed": "612345",
    "initial_time": "1757106908.9548268",
    "rl_training_times": "[339.4709630012512, 575.5167348384857, 815.3834354877472, 1053.0307676792145, 1302.7927236557007, 1543.14794921875, 1795.0629906654358, 2095.747725248337]",
    "fsc_extraction_times": "[484.3034851551056, 717.553008556366, 962.4697041511536, 1199.1124982833862, 1453.1202075481415, 1691.2439374923706, 1943.2719860076904, 2258.295413017273]",
    "family_performance_times": "[508.23575258255005, 748.4785721302032, 982.2089800834656, 1233.141276359558, 1474.1108617782593, 1722.7048280239105, 2026.8260116577148, 2694.1374797821045]",
    "worst_case_evaluation_times_rl": "[]",
    "worst_case_evaluation_times_fsc": "[]",
    "lstm_extracted_result_times": "[]",
    "cluster_evaluation_times": "[383.8068447113037, 618.3357057571411, 859.4834115505219, 1097.0652277469635, 1347.0297338962555, 1588.7215685844421, 1841.3769998550415, 2154.932284593582]"
}