{
    "number_of_pomdps_in_family": "1",
    "num_training_steps_per_iteration": "301",
    "average_rl_return_subset_simulated": "[104.11009, 146.57498]",
    "average_rl_reachability_subset_simulated": "[1.0, 1.0]",
    "average_extracted_fsc_return_subset_simulated": "[-107.251915, -149.28412]",
    "average_extracted_fsc_reachability_subset_simulated": "[1.0, 1.0]",
    "family_performance": "[197.89803139122145, 178.32269429150455]",
    "available_nodes_in_fsc": "[array([ True,  True,  True,  True,  True,  True,  True,  True,  True]), array([ True,  True,  True,  True,  True,  True,  True,  True,  True])]",
    "worst_case_pomdp_values_simulated_rl": "[]",
    "worst_case_pomdp_values_simulated_fsc": "[]",
    "was_worst_case_same_as_simulated": "[]",
    "worst_case_index_rl": "[]",
    "worst_case_index_fsc": "[]",
    "worst_case_index_paynt": "[]",
    "environment_type": "batched_vec_storm",
    "number_of_extraction_trajectories": "[]",
    "extraction_type": "si-g",
    "lstm_width": 32,
    "extraction_less": false,
    "geometric_batched_vec_storm": true,
    "periodic_restarts": false,
    "worst_case_on_subset_rl": "[]",
    "worst_case_on_subset_fsc": "[]",
    "worst_cases_reachability_rl": "[]",
    "worst_cases_reachability_fsc": "[]",
    "period_between_worst_case_evaluation": "5",
    "shrink_and_perturb_activated": "[False, False]",
    "nr_of_clusters": "[627, 596]",
    "lstm_extracted_reachability": "[]",
    "lstm_extracted_return": "[]",
    "seed": "623456",
    "initial_time": "1757142681.7116642",
    "rl_training_times": "[340.9823980331421, 871.7698969841003]",
    "fsc_extraction_times": "[741.3556323051453, 1276.6808149814606]",
    "family_performance_times": "[804.7542653083801, 1327.0856375694275]",
    "worst_case_evaluation_times_rl": "[]",
    "worst_case_evaluation_times_fsc": "[]",
    "lstm_extracted_result_times": "[]",
    "cluster_evaluation_times": "[385.5443148612976, 916.0334000587463]"
}