{
    "number_of_pomdps_in_family": "1",
    "num_training_steps_per_iteration": "301",
    "average_rl_return_subset_simulated": "[81.539955, 134.28146, 157.21805, 137.03558, 103.02462, 95.192474, 93.39248, 85.55264, 84.71253, 84.72704, 58.885956, 72.71213, 71.83666, 66.923416]",
    "average_rl_reachability_subset_simulated": "[1.0, 1.0, 1.0, 1.0, 1.0, 1.0, 1.0, 1.0, 1.0, 1.0, 1.0, 1.0, 1.0, 1.0]",
    "average_extracted_fsc_return_subset_simulated": "[-91.93599, -139.96925, -164.0145, -145.99596, -127.35956, -142.97905, -150.35971, -157.02968, -241.47191, -234.18501, -256.177, -255.55962, -251.344, -238.54126]",
    "average_extracted_fsc_reachability_subset_simulated": "[1.0, 1.0, 1.0, 1.0, 1.0, 1.0, 1.0, 1.0, 1.0, 1.0, 1.0, 1.0, 1.0, 1.0]",
    "family_performance": "[186.0692485684379, 189.04829766753681, 177.21162605076765, 150.10215347138268, 149.88307196125714, 152.39201921630354, 158.14816476009347, 161.49691082060963, 249.7066844030527, 241.01021703453856, 273.2206235784484, 263.51045284153935, 246.42529297117423, 245.6416663347522]",
    "available_nodes_in_fsc": "[array([ True,  True,  True,  True,  True,  True,  True,  True,  True]), array([ True,  True,  True,  True,  True,  True,  True,  True,  True]), array([ True,  True,  True,  True,  True,  True,  True,  True,  True]), array([ True,  True,  True,  True,  True,  True,  True,  True,  True]), array([ True,  True,  True,  True,  True,  True,  True,  True,  True]), array([ True,  True,  True, False,  True,  True,  True,  True,  True]), array([ True, False,  True, False,  True,  True, False,  True, False]), array([ True, False, False, False,  True,  True, False,  True, False]), array([ True, False, False, False, False,  True, False, False, False]), array([ True, False, False, False, False,  True, False, False, False]), array([ True, False, False, False, False,  True, False, False, False]), array([ True, False, False, False, False,  True, False, False, False]), array([ True, False, False, False, False,  True, False, False, False]), array([ True, False, False, False, False,  True, False, False, False])]",
    "worst_case_pomdp_values_simulated_rl": "[]",
    "worst_case_pomdp_values_simulated_fsc": "[]",
    "was_worst_case_same_as_simulated": "[]",
    "worst_case_index_rl": "[]",
    "worst_case_index_fsc": "[]",
    "worst_case_index_paynt": "[]",
    "environment_type": "batched_vec_storm",
    "number_of_extraction_trajectories": "[]",
    "extraction_type": "si-g",
    "lstm_width": 32,
    "extraction_less": false,
    "geometric_batched_vec_storm": true,
    "periodic_restarts": false,
    "worst_case_on_subset_rl": "[]",
    "worst_case_on_subset_fsc": "[]",
    "worst_cases_reachability_rl": "[]",
    "worst_cases_reachability_fsc": "[]",
    "period_between_worst_case_evaluation": "5",
    "shrink_and_perturb_activated": "[False, False, False, False, False, False, False, False, False, False, False, False, False, False]",
    "nr_of_clusters": "[535, 233, 364, 372, 594, 1025, 943, 1145, 1500, 1290, 1360, 1374, 1364, 1416]",
    "lstm_extracted_reachability": "[]",
    "lstm_extracted_return": "[]",
    "seed": "612345",
    "initial_time": "1757073097.496142",
    "rl_training_times": "[347.46820545196533, 790.5268030166626, 1228.4744856357574, 1657.5340449810028, 2056.998564720154, 2453.07586812973, 2853.551945209503, 3244.8863599300385, 3637.4761695861816, 4060.2957928180695, 4475.056749343872, 4903.233974456787, 5335.295378446579, 5766.946744680405]",
    "fsc_extraction_times": "[700.5531685352325, 1142.434669494629, 1569.7863051891327, 1976.1480016708374, 2377.091952085495, 2776.35999584198, 3163.7197494506836, 3556.9886922836304, 3976.161326646805, 4395.046553611755, 4823.108238697052, 5254.498351812363, 5679.197459936142, 6114.98694229126]",
    "family_performance_times": "[727.4472603797913, 1166.2255218029022, 1586.99542927742, 1991.5995342731476, 2390.288347005844, 2789.6229288578033, 3180.66516661644, 3573.9255740642548, 3989.358653306961, 4408.346556186676, 4836.652700662613, 5268.0044486522675, 5692.84033536911, 6128.325605392456]",
    "worst_case_evaluation_times_rl": "[]",
    "worst_case_evaluation_times_fsc": "[]",
    "lstm_extracted_result_times": "[]",
    "cluster_evaluation_times": "[390.6070659160614, 833.4965100288391, 1270.0368921756744, 1700.0775158405304, 2098.701705932617, 2494.364129781723, 2900.2501499652863, 3286.266101837158, 3678.287098169327, 4102.053371667862, 4517.1553473472595, 4945.137142896652, 5377.584700584412, 5809.2616086006165]"
}