{
    "number_of_pomdps_in_family": "1",
    "num_training_steps_per_iteration": "301",
    "average_rl_return_subset_simulated": "[76.1544, 185.24483, 193.37189, 182.79976, 164.89577, 146.18857, 133.60495, 119.38107, 116.94287, 129.05641]",
    "average_rl_reachability_subset_simulated": "[1.0, 1.0, 1.0, 1.0, 1.0, 1.0, 1.0, 1.0, 1.0, 1.0]",
    "average_extracted_fsc_return_subset_simulated": "[-69.13863, -179.0368, -205.41005, -196.0961, -175.54704, -156.09471, -156.08626, -145.80402, -146.83284, -150.41484]",
    "average_extracted_fsc_reachability_subset_simulated": "[1.0, 1.0, 1.0, 1.0, 1.0, 1.0, 1.0, 1.0, 1.0, 1.0]",
    "family_performance": "[250.78423117968106, 254.96211944614214, 224.75417825088007, 205.7300113346503, 176.65742144016832, 159.3186239260139, 158.7364904607996, 168.96413790073925, 152.6600094535099, 156.7439771498959]",
    "available_nodes_in_fsc": "[array([ True,  True,  True]), array([ True,  True,  True]), array([ True,  True,  True]), array([ True,  True,  True]), array([ True,  True,  True]), array([ True,  True,  True]), array([ True,  True,  True]), array([ True,  True,  True]), array([ True,  True,  True]), array([ True,  True,  True])]",
    "worst_case_pomdp_values_simulated_rl": "[]",
    "worst_case_pomdp_values_simulated_fsc": "[]",
    "was_worst_case_same_as_simulated": "[]",
    "worst_case_index_rl": "[]",
    "worst_case_index_fsc": "[]",
    "worst_case_index_paynt": "[]",
    "environment_type": "batched_vec_storm",
    "number_of_extraction_trajectories": "[]",
    "extraction_type": "si-g",
    "lstm_width": 32,
    "extraction_less": false,
    "geometric_batched_vec_storm": true,
    "periodic_restarts": false,
    "worst_case_on_subset_rl": "[]",
    "worst_case_on_subset_fsc": "[]",
    "worst_cases_reachability_rl": "[]",
    "worst_cases_reachability_fsc": "[]",
    "period_between_worst_case_evaluation": "5",
    "shrink_and_perturb_activated": "[False, False, False, False, False, False, False, False, False, False]",
    "nr_of_clusters": "[723, 886, 674, 709, 604, 581, 795, 789, 639, 853]",
    "lstm_extracted_reachability": "[]",
    "lstm_extracted_return": "[]",
    "seed": "23456",
    "initial_time": "1757221694.7139187",
    "rl_training_times": "[204.04331040382385, 684.8074808120728, 1159.6154713630676, 1649.4346001148224, 2143.6352756023407, 2662.967566728592, 3160.5634109973907, 3659.471074104309, 4169.333388090134, 4679.410531759262]",
    "fsc_extraction_times": "[611.3391225337982, 1088.5177586078644, 1575.087569952011, 2067.825646877289, 2587.3832166194916, 3080.864907026291, 3580.4729409217834, 4085.7263922691345, 4594.831662893295, 5100.473343849182]",
    "family_performance_times": "[627.7211661338806, 1103.8675124645233, 1592.067132949829, 2083.629802942276, 2604.7495934963226, 3097.1391978263855, 3598.7154428958893, 4107.149959802628, 4615.937542438507, 5124.047594547272]",
    "worst_case_evaluation_times_rl": "[]",
    "worst_case_evaluation_times_fsc": "[]",
    "lstm_extracted_result_times": "[]",
    "cluster_evaluation_times": "[247.8533010482788, 728.4319772720337, 1207.6432039737701, 1694.7999894618988, 2191.305175304413, 2709.662294626236, 3208.67503285408, 3707.748970746994, 4218.108254909515, 4727.988738775253]"
}