{
    "number_of_pomdps_in_family": "1",
    "num_training_steps_per_iteration": "301",
    "average_rl_return_subset_simulated": "[68.449486, 168.49266, 178.87364]",
    "average_rl_reachability_subset_simulated": "[1.0, 1.0, 1.0]",
    "average_extracted_fsc_return_subset_simulated": "[-64.857124, -167.47496, -183.96452]",
    "average_extracted_fsc_reachability_subset_simulated": "[1.0, 1.0, 1.0]",
    "family_performance": "[271.15468421904507, 229.86737083695243, 201.06922347813298]",
    "available_nodes_in_fsc": "[array([ True,  True,  True]), array([ True,  True,  True]), array([ True,  True,  True])]",
    "worst_case_pomdp_values_simulated_rl": "[]",
    "worst_case_pomdp_values_simulated_fsc": "[]",
    "was_worst_case_same_as_simulated": "[]",
    "worst_case_index_rl": "[]",
    "worst_case_index_fsc": "[]",
    "worst_case_index_paynt": "[]",
    "environment_type": "batched_vec_storm",
    "number_of_extraction_trajectories": "[]",
    "extraction_type": "si-g",
    "lstm_width": 32,
    "extraction_less": false,
    "geometric_batched_vec_storm": true,
    "periodic_restarts": false,
    "worst_case_on_subset_rl": "[]",
    "worst_case_on_subset_fsc": "[]",
    "worst_cases_reachability_rl": "[]",
    "worst_cases_reachability_fsc": "[]",
    "period_between_worst_case_evaluation": "5",
    "shrink_and_perturb_activated": "[False, False, False]",
    "nr_of_clusters": "[513, 816, 771]",
    "lstm_extracted_reachability": "[]",
    "lstm_extracted_return": "[]",
    "seed": "612345",
    "initial_time": "1757157006.0221567",
    "rl_training_times": "[199.32598996162415, 704.6520991325378, 1219.8065929412842]",
    "fsc_extraction_times": "[631.2302961349487, 1144.7142112255096, 1657.9541277885437]",
    "family_performance_times": "[648.9684317111969, 1163.98473072052, 1678.544205904007]",
    "worst_case_evaluation_times_rl": "[]",
    "worst_case_evaluation_times_fsc": "[]",
    "lstm_extracted_result_times": "[]",
    "cluster_evaluation_times": "[243.57765102386475, 751.1303496360779, 1265.0118861198425]"
}