{
    "number_of_pomdps_in_family": "1",
    "num_training_steps_per_iteration": "301",
    "average_rl_return_subset_simulated": "[105.8965, 158.68802]",
    "average_rl_reachability_subset_simulated": "[1.0, 1.0]",
    "average_extracted_fsc_return_subset_simulated": "[-108.157364, -160.31802]",
    "average_extracted_fsc_reachability_subset_simulated": "[1.0, 1.0]",
    "family_performance": "[214.17458931371178, 194.85256779191045]",
    "available_nodes_in_fsc": "[array([ True,  True,  True]), array([ True,  True,  True])]",
    "worst_case_pomdp_values_simulated_rl": "[]",
    "worst_case_pomdp_values_simulated_fsc": "[]",
    "was_worst_case_same_as_simulated": "[]",
    "worst_case_index_rl": "[]",
    "worst_case_index_fsc": "[]",
    "worst_case_index_paynt": "[]",
    "environment_type": "batched_vec_storm",
    "number_of_extraction_trajectories": "[]",
    "extraction_type": "si-g",
    "lstm_width": 32,
    "extraction_less": false,
    "geometric_batched_vec_storm": true,
    "periodic_restarts": false,
    "worst_case_on_subset_rl": "[]",
    "worst_case_on_subset_fsc": "[]",
    "worst_cases_reachability_rl": "[]",
    "worst_cases_reachability_fsc": "[]",
    "period_between_worst_case_evaluation": "5",
    "shrink_and_perturb_activated": "[False, False]",
    "nr_of_clusters": "[802, 854]",
    "lstm_extracted_reachability": "[]",
    "lstm_extracted_return": "[]",
    "seed": "623456",
    "initial_time": "1757224917.9503112",
    "rl_training_times": "[207.72244596481323, 704.778796672821]",
    "fsc_extraction_times": "[623.0558874607086, 1125.1835384368896]",
    "family_performance_times": "[643.084691286087, 1145.2403762340546]",
    "worst_case_evaluation_times_rl": "[]",
    "worst_case_evaluation_times_fsc": "[]",
    "lstm_extracted_result_times": "[]",
    "cluster_evaluation_times": "[255.53211665153503, 751.9737966060638]"
}