{
    "number_of_pomdps_in_family": "1",
    "num_training_steps_per_iteration": "301",
    "average_rl_return_subset_simulated": "[90.51608, 177.4456, 176.90005, 173.26456, 154.10535]",
    "average_rl_reachability_subset_simulated": "[1.0, 1.0, 1.0, 1.0, 1.0]",
    "average_extracted_fsc_return_subset_simulated": "[-93.82076, -180.55272, -200.48938, -197.9941, -188.33846]",
    "average_extracted_fsc_reachability_subset_simulated": "[1.0, 1.0, 1.0, 1.0, 1.0]",
    "family_performance": "[278.3191935013225, 242.98049649005654, 216.9151343141832, 208.3714324586852, 188.94788453270718]",
    "available_nodes_in_fsc": "[array([ True,  True,  True,  True,  True]), array([ True,  True,  True,  True,  True,  True,  True]), array([ True,  True,  True,  True,  True]), array([ True,  True,  True]), array([ True,  True,  True,  True])]",
    "worst_case_pomdp_values_simulated_rl": "[]",
    "worst_case_pomdp_values_simulated_fsc": "[]",
    "was_worst_case_same_as_simulated": "[]",
    "worst_case_index_rl": "[]",
    "worst_case_index_fsc": "[]",
    "worst_case_index_paynt": "[]",
    "environment_type": "batched_vec_storm",
    "number_of_extraction_trajectories": "[]",
    "extraction_type": "alergia",
    "lstm_width": 32,
    "extraction_less": false,
    "geometric_batched_vec_storm": true,
    "periodic_restarts": false,
    "worst_case_on_subset_rl": "[]",
    "worst_case_on_subset_fsc": "[]",
    "worst_cases_reachability_rl": "[]",
    "worst_cases_reachability_fsc": "[]",
    "period_between_worst_case_evaluation": "5",
    "shrink_and_perturb_activated": "[False, False, False, False, False]",
    "nr_of_clusters": "[737, 890, 730, 599, 532]",
    "lstm_extracted_reachability": "[]",
    "lstm_extracted_return": "[]",
    "seed": "634567",
    "initial_time": "1757319779.6527102",
    "rl_training_times": "[194.19303441047668, 437.179078578949, 682.5120613574982, 924.9433634281158, 1148.1548228263855]",
    "fsc_extraction_times": "[348.9213161468506, 581.3874764442444, 836.9067437648773, 1071.7475492954254, 1312.0853283405304]",
    "family_performance_times": "[384.3510253429413, 628.8714909553528, 870.7336084842682, 1093.767216682434, 1343.1125864982605]",
    "worst_case_evaluation_times_rl": "[]",
    "worst_case_evaluation_times_fsc": "[]",
    "lstm_extracted_result_times": "[]",
    "cluster_evaluation_times": "[239.0859248638153, 480.7736966609955, 728.0801727771759, 969.0037813186646, 1197.1206784248352]"
}