{
    "number_of_pomdps_in_family": "1",
    "num_training_steps_per_iteration": "301",
    "average_rl_return_subset_simulated": "[55.598064, 154.10039, 169.02748, 149.42288, 130.18237, 107.79459, 94.04216, 85.489975, 53.29649, 39.1732]",
    "average_rl_reachability_subset_simulated": "[1.0, 1.0, 1.0, 1.0, 1.0, 1.0, 1.0, 1.0, 1.0, 1.0]",
    "average_extracted_fsc_return_subset_simulated": "[-59.07799, -161.60422, -192.86687, -188.00964, -178.14594, -177.54681, -178.08403, -215.49341, -239.13527, -236.65408]",
    "average_extracted_fsc_reachability_subset_simulated": "[1.0, 1.0, 1.0, 1.0, 1.0, 1.0, 1.0, 1.0, 1.0, 1.0]",
    "family_performance": "[209.55351237246688, 225.1382989783736, 216.05665874854975, 197.04348225125295, 180.77173958205154, 178.0478766035173, 179.13556921171943, 219.55178982189562, 241.89993375577353, 237.0449851640131]",
    "available_nodes_in_fsc": "[array([ True,  True,  True,  True,  True,  True,  True,  True,  True,\n        True]), array([ True, False, False, False, False, False, False, False,  True,\n        True]), array([ True, False, False,  True, False, False, False, False,  True,\n        True]), array([ True, False, False,  True, False, False, False, False,  True,\n        True]), array([ True,  True,  True,  True, False,  True, False, False,  True,\n        True]), array([ True, False, False,  True, False, False, False, False,  True,\n       False]), array([ True,  True,  True,  True, False,  True, False, False,  True,\n        True]), array([ True,  True,  True,  True,  True,  True,  True,  True,  True,\n        True]), array([ True,  True,  True,  True,  True,  True,  True,  True,  True,\n        True]), array([ True,  True,  True,  True,  True,  True,  True,  True,  True,\n        True])]",
    "worst_case_pomdp_values_simulated_rl": "[]",
    "worst_case_pomdp_values_simulated_fsc": "[]",
    "was_worst_case_same_as_simulated": "[]",
    "worst_case_index_rl": "[]",
    "worst_case_index_fsc": "[]",
    "worst_case_index_paynt": "[]",
    "environment_type": "batched_vec_storm",
    "number_of_extraction_trajectories": "[]",
    "extraction_type": "si-g",
    "lstm_width": 32,
    "extraction_less": false,
    "geometric_batched_vec_storm": true,
    "periodic_restarts": false,
    "worst_case_on_subset_rl": "[]",
    "worst_case_on_subset_fsc": "[]",
    "worst_cases_reachability_rl": "[]",
    "worst_cases_reachability_fsc": "[]",
    "period_between_worst_case_evaluation": "5",
    "shrink_and_perturb_activated": "[False, False, False, False, False, False, False, False, False, False]",
    "nr_of_clusters": "[579, 818, 830, 754, 660, 659, 693, 1048, 1019, 1152]",
    "lstm_extracted_reachability": "[]",
    "lstm_extracted_return": "[]",
    "seed": "23456",
    "initial_time": "1759617487.7686505",
    "rl_training_times": "[199.7708888053894, 591.175933599472, 881.3628513813019, 1175.6168627738953, 1479.9689013957977, 1792.2783496379852, 2092.298160791397, 2401.1660635471344, 2738.9917664527893, 3058.987945795059]",
    "fsc_extraction_times": "[430.27945017814636, 825.3447527885437, 1116.9936919212341, 1413.043752193451, 1719.5685725212097, 2031.5826621055603, 2329.3500332832336, 2641.9155037403107, 2977.8008873462677, 3297.068464756012]",
    "family_performance_times": "[547.2110707759857, 837.2303457260132, 1131.3769850730896, 1435.6133329868317, 1747.7403621673584, 2043.477382659912, 2355.6937017440796, 2693.6479077339172, 3013.242662668228, 3333.8645417690277]",
    "worst_case_evaluation_times_rl": "[]",
    "worst_case_evaluation_times_fsc": "[]",
    "lstm_extracted_result_times": "[]",
    "cluster_evaluation_times": "[233.2818088531494, 630.2401461601257, 918.7625751495361, 1213.1858968734741, 1516.9302129745483, 1830.3566517829895, 2130.17364525795, 2438.835042953491, 2776.930215358734, 3097.355782032013]"
}