{
    "number_of_pomdps_in_family": "1",
    "num_training_steps_per_iteration": "301",
    "average_rl_return_subset_simulated": "[86.80079, 149.73004, 163.18004, 159.83073, 133.1513, 121.51344, 123.74515]",
    "average_rl_reachability_subset_simulated": "[1.0, 1.0, 1.0, 1.0, 1.0, 1.0, 1.0]",
    "average_extracted_fsc_return_subset_simulated": "[-83.96869, -152.44077, -166.3411, -172.7222, -141.00998, -132.91963, -142.87665]",
    "average_extracted_fsc_reachability_subset_simulated": "[1.0, 1.0, 1.0, 1.0, 1.0, 1.0, 1.0]",
    "family_performance": "[211.6073933053165, 198.256686118522, 181.53939015147992, 181.63341247400479, 157.341145350253, 143.73337916633292, 192.31299077633813]",
    "available_nodes_in_fsc": "[array([ True,  True,  True,  True,  True,  True,  True,  True,  True,\n        True]), array([ True,  True,  True,  True,  True,  True,  True,  True,  True,\n        True]), array([ True,  True,  True,  True,  True,  True,  True,  True,  True,\n        True]), array([ True,  True,  True,  True,  True,  True,  True,  True,  True,\n        True]), array([ True,  True,  True,  True,  True,  True,  True,  True,  True,\n        True]), array([ True,  True,  True,  True,  True,  True,  True,  True,  True,\n        True]), array([ True,  True,  True,  True,  True,  True,  True,  True,  True,\n        True])]",
    "worst_case_pomdp_values_simulated_rl": "[]",
    "worst_case_pomdp_values_simulated_fsc": "[]",
    "was_worst_case_same_as_simulated": "[]",
    "worst_case_index_rl": "[]",
    "worst_case_index_fsc": "[]",
    "worst_case_index_paynt": "[]",
    "environment_type": "batched_vec_storm",
    "number_of_extraction_trajectories": "[]",
    "extraction_type": "si-g",
    "lstm_width": 32,
    "extraction_less": false,
    "geometric_batched_vec_storm": true,
    "periodic_restarts": false,
    "worst_case_on_subset_rl": "[]",
    "worst_case_on_subset_fsc": "[]",
    "worst_cases_reachability_rl": "[]",
    "worst_cases_reachability_fsc": "[]",
    "period_between_worst_case_evaluation": "5",
    "shrink_and_perturb_activated": "[False, False, False, False, False, False, False]",
    "nr_of_clusters": "[354, 539, 552, 526, 716, 582, 722]",
    "lstm_extracted_reachability": "[]",
    "lstm_extracted_return": "[]",
    "seed": "56789",
    "initial_time": "1759638484.4921582",
    "rl_training_times": "[203.69366836547852, 637.2626423835754, 1099.5034673213959, 1539.6772148609161, 2054.935148715973, 2518.3828270435333, 2998.8588943481445]",
    "fsc_extraction_times": "[434.71474862098694, 872.2230906486511, 1334.3870167732239, 1777.1429765224457, 2294.203799724579, 2757.5941801071167, 3240.840917825699]",
    "family_performance_times": "[592.3283367156982, 1053.7651102542877, 1492.9277329444885, 2004.2021956443787, 2471.4217987060547, 2951.1590507030487, 3382.8105430603027]",
    "worst_case_evaluation_times_rl": "[]",
    "worst_case_evaluation_times_fsc": "[]",
    "lstm_extracted_result_times": "[]",
    "cluster_evaluation_times": "[237.49310088157654, 674.2596411705017, 1135.4132227897644, 1577.2414438724518, 2092.8875818252563, 2557.0088193416595, 3037.4235215187073]"
}