{
    "number_of_pomdps_in_family": "1",
    "num_training_steps_per_iteration": "301",
    "average_rl_return_subset_simulated": "[62.059483, 79.60754, 152.37387, 178.13329, 167.64629, 147.4092, 125.49042]",
    "average_rl_reachability_subset_simulated": "[1.0, 1.0, 1.0, 1.0, 1.0, 1.0, 1.0]",
    "average_extracted_fsc_return_subset_simulated": "[-60.590157, -80.41453, -150.99184, -177.82484, -199.01245, -196.30428, -139.76834]",
    "average_extracted_fsc_reachability_subset_simulated": "[1.0, 1.0, 1.0, 1.0, 1.0, 1.0, 1.0]",
    "family_performance": "[214.8178551274685, 187.28890294370996, 191.74767353140115, 186.8271860769863, 208.8420868697356, 198.88299112740043, 170.28917752058373]",
    "available_nodes_in_fsc": "[array([ True,  True,  True,  True,  True,  True,  True,  True,  True,\n        True]), array([ True,  True,  True,  True,  True,  True,  True,  True,  True,\n        True]), array([ True,  True,  True,  True,  True,  True,  True,  True,  True,\n        True]), array([ True,  True,  True,  True,  True,  True,  True,  True,  True,\n        True]), array([ True,  True,  True,  True,  True,  True,  True,  True,  True,\n        True]), array([ True,  True,  True,  True,  True,  True,  True,  True,  True,\n        True]), array([ True,  True,  True,  True,  True,  True,  True,  True,  True,\n        True])]",
    "worst_case_pomdp_values_simulated_rl": "[]",
    "worst_case_pomdp_values_simulated_fsc": "[]",
    "was_worst_case_same_as_simulated": "[]",
    "worst_case_index_rl": "[]",
    "worst_case_index_fsc": "[]",
    "worst_case_index_paynt": "[]",
    "environment_type": "batched_vec_storm",
    "number_of_extraction_trajectories": "[]",
    "extraction_type": "si-g",
    "lstm_width": 32,
    "extraction_less": false,
    "geometric_batched_vec_storm": true,
    "periodic_restarts": false,
    "worst_case_on_subset_rl": "[]",
    "worst_case_on_subset_fsc": "[]",
    "worst_cases_reachability_rl": "[]",
    "worst_cases_reachability_fsc": "[]",
    "period_between_worst_case_evaluation": "5",
    "shrink_and_perturb_activated": "[False, False, False, False, False, False, False]",
    "nr_of_clusters": "[304, 332, 554, 573, 559, 483, 431]",
    "lstm_extracted_reachability": "[]",
    "lstm_extracted_return": "[]",
    "seed": "12345",
    "initial_time": "1759610283.9940052",
    "rl_training_times": "[201.64079403877258, 632.7003085613251, 1123.5454592704773, 1584.4465517997742, 2039.5924277305603, 2541.380348920822, 3005.194224357605]",
    "fsc_extraction_times": "[433.99514961242676, 868.2526750564575, 1361.2012610435486, 1824.812715768814, 2284.053180217743, 2785.5352261066437, 3252.1659672260284]",
    "family_performance_times": "[588.7052159309387, 1078.575691461563, 1538.0718677043915, 1992.6077890396118, 2494.2919890880585, 2956.980764389038, 3411.541328191757]",
    "worst_case_evaluation_times_rl": "[]",
    "worst_case_evaluation_times_fsc": "[]",
    "lstm_extracted_result_times": "[]",
    "cluster_evaluation_times": "[234.97773933410645, 669.793824672699, 1160.620129108429, 1623.2334370613098, 2077.8993945121765, 2579.9105262756348, 3043.748192548752]"
}