{
    "number_of_pomdps_in_family": "1",
    "num_training_steps_per_iteration": "301",
    "average_rl_return_subset_simulated": "[86.80079, 156.14397, 166.67065, 165.05753, 152.39177, 130.0893, 106.69231, 83.225395, 45.576214, 49.613216, 35.31198]",
    "average_rl_reachability_subset_simulated": "[1.0, 1.0, 1.0, 1.0, 1.0, 1.0, 1.0, 1.0, 1.0, 1.0, 1.0]",
    "average_extracted_fsc_return_subset_simulated": "[-105.693474, -163.6296, -179.94075, -184.72139, -188.25117, -185.6115, -195.1492, -205.54643, -207.83806, -211.11406, -224.42949]",
    "average_extracted_fsc_reachability_subset_simulated": "[1.0, 1.0, 1.0, 1.0, 1.0, 1.0, 1.0, 1.0, 1.0, 1.0, 1.0]",
    "family_performance": "[235.87561051385205, 211.99623248235528, 199.54886747979066, 194.38636663121997, 193.16966840238143, 195.11266580113846, 201.19827586380273, 209.68818039145197, 215.05858737313088, 216.5538370718467, 226.36548323563974]",
    "available_nodes_in_fsc": "[array([ True,  True,  True]), array([ True,  True,  True,  True,  True,  True]), array([ True,  True,  True]), array([ True,  True,  True]), array([ True,  True,  True,  True]), array([ True,  True,  True]), array([ True,  True]), array([ True,  True,  True,  True,  True]), array([ True,  True,  True,  True,  True]), array([ True,  True,  True,  True,  True,  True,  True,  True]), array([ True,  True,  True,  True,  True,  True,  True])]",
    "worst_case_pomdp_values_simulated_rl": "[]",
    "worst_case_pomdp_values_simulated_fsc": "[]",
    "was_worst_case_same_as_simulated": "[]",
    "worst_case_index_rl": "[]",
    "worst_case_index_fsc": "[]",
    "worst_case_index_paynt": "[]",
    "environment_type": "batched_vec_storm",
    "number_of_extraction_trajectories": "[]",
    "extraction_type": "alergia",
    "lstm_width": 32,
    "extraction_less": false,
    "geometric_batched_vec_storm": true,
    "periodic_restarts": false,
    "worst_case_on_subset_rl": "[]",
    "worst_case_on_subset_fsc": "[]",
    "worst_cases_reachability_rl": "[]",
    "worst_cases_reachability_fsc": "[]",
    "period_between_worst_case_evaluation": "5",
    "shrink_and_perturb_activated": "[False, False, False, False, False, False, False, False, False, False, False]",
    "nr_of_clusters": "[354, 541, 561, 518, 549, 502, 648, 766, 881, 1004, 1052]",
    "lstm_extracted_reachability": "[]",
    "lstm_extracted_return": "[]",
    "seed": "56789",
    "initial_time": "1759642088.0506256",
    "rl_training_times": "[205.3633496761322, 375.35037899017334, 569.221248626709, 743.2890133857727, 921.9738113880157, 1093.8966000080109, 1273.3153598308563, 1448.1113975048065, 1635.0807793140411, 1836.6757600307465, 2062.1285507678986]",
    "fsc_extraction_times": "[313.3305757045746, 484.6305446624756, 678.6398720741272, 856.0068020820618, 1033.057074546814, 1208.1086637973785, 1384.9266159534454, 1560.5581912994385, 1748.00261926651, 1948.2706513404846, 2174.8759531974792]",
    "family_performance_times": "[331.21566796302795, 523.7974100112915, 698.2476797103882, 876.7051587104797, 1048.3476247787476, 1225.4418454170227, 1401.4698510169983, 1588.2721858024597, 1789.4831688404083, 2014.706945180893, 2221.410304784775]",
    "worst_case_evaluation_times_rl": "[]",
    "worst_case_evaluation_times_fsc": "[]",
    "lstm_extracted_result_times": "[]",
    "cluster_evaluation_times": "[238.99879574775696, 413.0780918598175, 606.0151574611664, 782.9778892993927, 958.7386891841888, 1134.4988968372345, 1311.7686855793, 1486.1026887893677, 1673.3269782066345, 1874.6153166294098, 2100.4453575611115]"
}