{
    "number_of_pomdps_in_family": "1",
    "num_training_steps_per_iteration": "301",
    "average_rl_return_subset_simulated": "[71.27695, 159.25337, 122.89868, 160.80649, 174.15446, 104.4446, 175.25076, 84.61219]",
    "average_rl_reachability_subset_simulated": "[1.0, 1.0, 1.0, 1.0, 1.0, 1.0, 1.0, 1.0]",
    "average_extracted_fsc_return_subset_simulated": "[-77.763374, -172.06935, -125.06089, -154.4181, -169.12355, -105.246056, -170.67995, -89.11686]",
    "average_extracted_fsc_reachability_subset_simulated": "[1.0, 1.0, 1.0, 1.0, 1.0, 1.0, 1.0, 1.0]",
    "family_performance": "[230.31033911049536, 208.91045772092494, 188.75833647881947, 188.2972306027263, 203.51570813558791, 193.7459720559817, 306.5397770911438, 190.39715252829726]",
    "available_nodes_in_fsc": "[array([ True,  True,  True,  True,  True,  True,  True,  True,  True,\n        True]), array([ True,  True,  True,  True,  True,  True,  True,  True,  True,\n        True]), array([ True,  True,  True,  True,  True,  True,  True,  True,  True,\n        True]), array([ True,  True,  True,  True,  True,  True,  True,  True,  True,\n        True]), array([ True,  True,  True,  True,  True,  True,  True,  True,  True,\n        True]), array([ True,  True,  True,  True,  True,  True,  True,  True,  True,\n        True]), array([ True,  True,  True,  True,  True,  True,  True,  True,  True,\n        True]), array([ True,  True,  True,  True,  True,  True,  True,  True,  True,\n        True])]",
    "worst_case_pomdp_values_simulated_rl": "[]",
    "worst_case_pomdp_values_simulated_fsc": "[]",
    "was_worst_case_same_as_simulated": "[]",
    "worst_case_index_rl": "[]",
    "worst_case_index_fsc": "[]",
    "worst_case_index_paynt": "[]",
    "environment_type": "batched_vec_storm",
    "number_of_extraction_trajectories": "[]",
    "extraction_type": "si-g",
    "lstm_width": 32,
    "extraction_less": false,
    "geometric_batched_vec_storm": true,
    "periodic_restarts": false,
    "worst_case_on_subset_rl": "[]",
    "worst_case_on_subset_fsc": "[]",
    "worst_cases_reachability_rl": "[]",
    "worst_cases_reachability_fsc": "[]",
    "period_between_worst_case_evaluation": "5",
    "shrink_and_perturb_activated": "[False, False, False, False, False, False, False, False]",
    "nr_of_clusters": "[465, 831, 731, 885, 875, 781, 829, 541]",
    "lstm_extracted_reachability": "[]",
    "lstm_extracted_return": "[]",
    "seed": "34567",
    "initial_time": "1759624689.4127762",
    "rl_training_times": "[197.41745591163635, 679.9932284355164, 1098.8138508796692, 1521.9442021846771, 1884.6890416145325, 2241.1942086219788, 2588.8389976024628, 2996.597161769867]",
    "fsc_extraction_times": "[430.5380823612213, 911.1910448074341, 1334.3040573596954, 1761.5858685970306, 2118.398274421692, 2478.487806081772, 2825.339925765991, 3235.175576210022]",
    "family_performance_times": "[636.0672333240509, 1054.620389699936, 1477.2495415210724, 1840.0317397117615, 2196.8581490516663, 2544.261929988861, 2951.7308342456818, 3298.3045129776]",
    "worst_case_evaluation_times_rl": "[]",
    "worst_case_evaluation_times_fsc": "[]",
    "lstm_extracted_result_times": "[]",
    "cluster_evaluation_times": "[233.38024854660034, 717.0617828369141, 1136.6969072818756, 1560.2318217754364, 1921.5699076652527, 2279.775171995163, 2626.6560032367706, 3034.843398332596]"
}