{
    "number_of_pomdps_in_family": "1",
    "num_training_steps_per_iteration": "301",
    "average_rl_return_subset_simulated": "[54.615936, 134.08258, 162.8442, 165.22224, 125.21517, 141.3555, 135.96524, 109.66705, 111.06154, 110.98474]",
    "average_rl_reachability_subset_simulated": "[1.0, 1.0, 1.0, 1.0, 1.0, 1.0, 1.0, 1.0, 1.0, 1.0]",
    "average_extracted_fsc_return_subset_simulated": "[-56.319187, -136.14214, -173.83379, -187.74026, -149.13367, -171.24486, -143.04085, -125.80881, -130.10976, -141.12718]",
    "average_extracted_fsc_reachability_subset_simulated": "[1.0, 1.0, 1.0, 1.0, 1.0, 1.0, 1.0, 1.0, 1.0, 1.0]",
    "family_performance": "[202.13800127252705, 193.21736895809735, 197.48632092022288, 234.00842461958746, 189.62053994021872, 190.52620317049002, 156.83373469054325, 141.63197699803618, 145.0604268196156, 170.33600415889978]",
    "available_nodes_in_fsc": "[array([ True,  True,  True,  True,  True,  True,  True,  True,  True,\n        True]), array([ True,  True,  True,  True,  True,  True,  True,  True,  True,\n        True]), array([ True,  True,  True,  True,  True,  True,  True,  True,  True,\n        True]), array([ True,  True,  True,  True,  True,  True,  True,  True,  True,\n        True]), array([ True, False,  True,  True,  True,  True,  True,  True,  True,\n        True]), array([ True, False,  True,  True,  True,  True,  True,  True,  True,\n       False]), array([ True,  True,  True,  True,  True,  True,  True,  True,  True,\n        True]), array([ True,  True,  True,  True,  True,  True,  True,  True,  True,\n        True]), array([ True,  True,  True,  True,  True,  True,  True,  True,  True,\n        True]), array([ True,  True,  True,  True,  True,  True,  True,  True, False,\n       False])]",
    "worst_case_pomdp_values_simulated_rl": "[]",
    "worst_case_pomdp_values_simulated_fsc": "[]",
    "was_worst_case_same_as_simulated": "[]",
    "worst_case_index_rl": "[]",
    "worst_case_index_fsc": "[]",
    "worst_case_index_paynt": "[]",
    "environment_type": "batched_vec_storm",
    "number_of_extraction_trajectories": "[]",
    "extraction_type": "si-g",
    "lstm_width": 32,
    "extraction_less": false,
    "geometric_batched_vec_storm": true,
    "periodic_restarts": false,
    "worst_case_on_subset_rl": "[]",
    "worst_case_on_subset_fsc": "[]",
    "worst_cases_reachability_rl": "[]",
    "worst_cases_reachability_fsc": "[]",
    "period_between_worst_case_evaluation": "5",
    "shrink_and_perturb_activated": "[False, False, False, False, False, False, False, False, False, False]",
    "nr_of_clusters": "[432, 783, 673, 600, 503, 682, 712, 704, 846, 851]",
    "lstm_extracted_reachability": "[]",
    "lstm_extracted_return": "[]",
    "seed": "45678",
    "initial_time": "1759631281.8441398",
    "rl_training_times": "[204.2136538028717, 587.5375163555145, 910.803049325943, 1257.5751087665558, 1598.6990330219269, 1922.3469915390015, 2246.084638118744, 2592.139717578888, 2927.1349766254425, 3273.540818452835]",
    "fsc_extraction_times": "[436.27016139030457, 823.3749642372131, 1144.5140416622162, 1496.7157766819, 1833.900414943695, 2159.585144996643, 2488.2393593788147, 2829.874926805496, 3167.375760793686, 3512.1401805877686]",
    "family_performance_times": "[543.2324664592743, 867.0900511741638, 1213.7593748569489, 1554.3551139831543, 1877.6686642169952, 2201.09658408165, 2545.7642390727997, 2880.5530915260315, 3227.0769674777985, 3527.190181493759]",
    "worst_case_evaluation_times_rl": "[]",
    "worst_case_evaluation_times_fsc": "[]",
    "lstm_extracted_result_times": "[]",
    "cluster_evaluation_times": "[237.62347722053528, 625.0368478298187, 948.200038433075, 1295.4553833007812, 1635.605176448822, 1959.835469007492, 2282.7952241897583, 2629.852292776108, 2965.227059841156, 3310.2581515312195]"
}