{
    "number_of_pomdps_in_family": "1",
    "num_training_steps_per_iteration": "301",
    "average_rl_return_subset_simulated": "[28.032469, 30.933865, 33.20659]",
    "average_rl_reachability_subset_simulated": "[0.4714509731574578, 0.4770361298224127, 0.4738056013179572]",
    "average_extracted_fsc_return_subset_simulated": "[-28.183718, -31.041718, -33.218597]",
    "average_extracted_fsc_reachability_subset_simulated": "[0.47038166528047315, 0.463484292125663, 0.47036996616828547]",
    "family_performance": "[0.45426696347302914, 0.46066024399029026, 0.47184717324674275]",
    "available_nodes_in_fsc": "[array([ True,  True,  True]), array([ True,  True,  True]), array([ True,  True,  True])]",
    "worst_case_pomdp_values_simulated_rl": "[]",
    "worst_case_pomdp_values_simulated_fsc": "[]",
    "was_worst_case_same_as_simulated": "[]",
    "worst_case_index_rl": "[]",
    "worst_case_index_fsc": "[]",
    "worst_case_index_paynt": "[]",
    "environment_type": "batched_vec_storm",
    "number_of_extraction_trajectories": "[]",
    "extraction_type": "si-g",
    "lstm_width": 32,
    "extraction_less": false,
    "geometric_batched_vec_storm": true,
    "periodic_restarts": false,
    "worst_case_on_subset_rl": "[]",
    "worst_case_on_subset_fsc": "[]",
    "worst_cases_reachability_rl": "[]",
    "worst_cases_reachability_fsc": "[]",
    "period_between_worst_case_evaluation": "5",
    "shrink_and_perturb_activated": "[False, False, False]",
    "nr_of_clusters": "[468, 510, 480]",
    "lstm_extracted_reachability": "[]",
    "lstm_extracted_return": "[]",
    "seed": "12345",
    "initial_time": "1757163607.458633",
    "rl_training_times": "[580.8840296268463, 1949.64826130867, 3200.9909715652466]",
    "fsc_extraction_times": "[979.9338419437408, 2352.1688232421875, 3611.8036596775055]",
    "family_performance_times": "[1758.992966890335, 3013.2510974407196, 6783.1439418792725]",
    "worst_case_evaluation_times_rl": "[]",
    "worst_case_evaluation_times_fsc": "[]",
    "lstm_extracted_result_times": "[]",
    "cluster_evaluation_times": "[625.3316316604614, 1994.223483324051, 3246.6830615997314]"
}