{
    "number_of_pomdps_in_family": "1",
    "num_training_steps_per_iteration": "301",
    "average_rl_return_subset_simulated": "[29.124496, 31.464151, 32.02954]",
    "average_rl_reachability_subset_simulated": "[0.4575100709764051, 0.4728802992518703, 0.4755400254129606]",
    "average_extracted_fsc_return_subset_simulated": "[-28.605785, -31.590801, -32.489006]",
    "average_extracted_fsc_reachability_subset_simulated": "[0.4460512724199455, 0.47264043193853184, 0.4732066609735269]",
    "family_performance": "[0.442554077888107, 0.4673835697808238, 0.47220767820078774]",
    "available_nodes_in_fsc": "[array([ True,  True,  True]), array([ True,  True,  True]), array([ True,  True,  True])]",
    "worst_case_pomdp_values_simulated_rl": "[]",
    "worst_case_pomdp_values_simulated_fsc": "[]",
    "was_worst_case_same_as_simulated": "[]",
    "worst_case_index_rl": "[]",
    "worst_case_index_fsc": "[]",
    "worst_case_index_paynt": "[]",
    "environment_type": "batched_vec_storm",
    "number_of_extraction_trajectories": "[]",
    "extraction_type": "si-g",
    "lstm_width": 32,
    "extraction_less": false,
    "geometric_batched_vec_storm": true,
    "periodic_restarts": false,
    "worst_case_on_subset_rl": "[]",
    "worst_case_on_subset_fsc": "[]",
    "worst_cases_reachability_rl": "[]",
    "worst_cases_reachability_fsc": "[]",
    "period_between_worst_case_evaluation": "5",
    "shrink_and_perturb_activated": "[False, False, False]",
    "nr_of_clusters": "[560, 504, 512]",
    "lstm_extracted_reachability": "[]",
    "lstm_extracted_return": "[]",
    "seed": "612345",
    "initial_time": "1757164210.5823472",
    "rl_training_times": "[595.595086812973, 3455.5254163742065, 5715.633977174759]",
    "fsc_extraction_times": "[994.3402934074402, 3851.4107053279877, 6130.029080629349]",
    "family_performance_times": "[3263.8972511291504, 5531.560387849808, 6744.5931661129]",
    "worst_case_evaluation_times_rl": "[]",
    "worst_case_evaluation_times_fsc": "[]",
    "lstm_extracted_result_times": "[]",
    "cluster_evaluation_times": "[638.6836462020874, 3501.0619254112244, 5762.653552055359]"
}