{
    "number_of_pomdps_in_family": "1",
    "num_training_steps_per_iteration": "301",
    "average_rl_return_subset_simulated": "[31.95704, 31.867817]",
    "average_rl_reachability_subset_simulated": "[0.4210136493492752, 0.4679014944222269]",
    "average_extracted_fsc_return_subset_simulated": "[-32.03992, -31.527847]",
    "average_extracted_fsc_reachability_subset_simulated": "[0.42489993680219085, 0.45869565217391306]",
    "family_performance": "[0.4258550585883074, 0.4590785862224073]",
    "available_nodes_in_fsc": "[array([ True,  True,  True]), array([ True,  True,  True])]",
    "worst_case_pomdp_values_simulated_rl": "[]",
    "worst_case_pomdp_values_simulated_fsc": "[]",
    "was_worst_case_same_as_simulated": "[]",
    "worst_case_index_rl": "[]",
    "worst_case_index_fsc": "[]",
    "worst_case_index_paynt": "[]",
    "environment_type": "batched_vec_storm",
    "number_of_extraction_trajectories": "[]",
    "extraction_type": "si-g",
    "lstm_width": 32,
    "extraction_less": false,
    "geometric_batched_vec_storm": true,
    "periodic_restarts": false,
    "worst_case_on_subset_rl": "[]",
    "worst_case_on_subset_fsc": "[]",
    "worst_cases_reachability_rl": "[]",
    "worst_cases_reachability_fsc": "[]",
    "period_between_worst_case_evaluation": "5",
    "shrink_and_perturb_activated": "[False, False]",
    "nr_of_clusters": "[658, 538]",
    "lstm_extracted_reachability": "[]",
    "lstm_extracted_return": "[]",
    "seed": "634567",
    "initial_time": "1757292355.458885",
    "rl_training_times": "[584.6845271587372, 3207.1634821891785]",
    "fsc_extraction_times": "[977.0948021411896, 3601.9290177822113]",
    "family_performance_times": "[3027.5776743888855, 5214.286609649658]",
    "worst_case_evaluation_times_rl": "[]",
    "worst_case_evaluation_times_fsc": "[]",
    "lstm_extracted_result_times": "[]",
    "cluster_evaluation_times": "[628.0630216598511, 3249.8947474956512]"
}