{
    "number_of_pomdps_in_family": "1",
    "num_training_steps_per_iteration": "301",
    "average_rl_return_subset_simulated": "[33.642056, 32.95866, 33.357372, 33.35092]",
    "average_rl_reachability_subset_simulated": "[0.46174406949548946, 0.4643324607329843, 0.47642186637217004, 0.47146484159399493]",
    "average_extracted_fsc_return_subset_simulated": "[-33.801956, -32.792847, -33.727264, -33.472805]",
    "average_extracted_fsc_reachability_subset_simulated": "[0.4728423858713762, 0.4585802003662609, 0.46029281277728484, 0.4693900022021581]",
    "family_performance": "[0.45713921243456296, 0.46011095371396316, 0.4629609306705983, 0.46595122714637227]",
    "available_nodes_in_fsc": "[array([ True,  True,  True]), array([ True,  True,  True]), array([ True,  True,  True]), array([ True,  True,  True])]",
    "worst_case_pomdp_values_simulated_rl": "[]",
    "worst_case_pomdp_values_simulated_fsc": "[]",
    "was_worst_case_same_as_simulated": "[]",
    "worst_case_index_rl": "[]",
    "worst_case_index_fsc": "[]",
    "worst_case_index_paynt": "[]",
    "environment_type": "batched_vec_storm",
    "number_of_extraction_trajectories": "[]",
    "extraction_type": "si-g",
    "lstm_width": 32,
    "extraction_less": false,
    "geometric_batched_vec_storm": true,
    "periodic_restarts": false,
    "worst_case_on_subset_rl": "[]",
    "worst_case_on_subset_fsc": "[]",
    "worst_cases_reachability_rl": "[]",
    "worst_cases_reachability_fsc": "[]",
    "period_between_worst_case_evaluation": "5",
    "shrink_and_perturb_activated": "[False, False, False, False]",
    "nr_of_clusters": "[402, 324, 298, 281]",
    "lstm_extracted_reachability": "[]",
    "lstm_extracted_return": "[]",
    "seed": "23456",
    "initial_time": "1757228896.0146039",
    "rl_training_times": "[564.5830779075623, 2640.7602727413177, 4259.3090467453, 5762.012765169144]",
    "fsc_extraction_times": "[942.6007659435272, 3027.5691413879395, 4662.663929224014, 6127.98641872406]",
    "family_performance_times": "[2450.95946931839, 4045.267979621887, 5565.358464002609, 7099.390196800232]",
    "worst_case_evaluation_times_rl": "[]",
    "worst_case_evaluation_times_fsc": "[]",
    "lstm_extracted_result_times": "[]",
    "cluster_evaluation_times": "[607.1362016201019, 2688.047783613205, 4304.7555232048035, 5806.269676446915]"
}