{
    "number_of_pomdps_in_family": "1",
    "num_training_steps_per_iteration": "301",
    "average_rl_return_subset_simulated": "[28.374125, 32.729362, 31.621342, 31.86447]",
    "average_rl_reachability_subset_simulated": "[0.4699897321011855, 0.47922768196116716, 0.4683319397993311, 0.47504212299915755]",
    "average_extracted_fsc_return_subset_simulated": "[-27.83437, -32.048206, -31.598421, -32.334396]",
    "average_extracted_fsc_reachability_subset_simulated": "[0.4682815356489945, 0.4600568361225134, 0.46169019933554817, 0.47353316326530615]",
    "family_performance": "[0.4417087314969675, 0.4627973728729944, 0.46224068735630863, 0.46857496163557344]",
    "available_nodes_in_fsc": "[array([ True,  True,  True]), array([ True,  True,  True]), array([ True,  True,  True]), array([ True,  True,  True])]",
    "worst_case_pomdp_values_simulated_rl": "[]",
    "worst_case_pomdp_values_simulated_fsc": "[]",
    "was_worst_case_same_as_simulated": "[]",
    "worst_case_index_rl": "[]",
    "worst_case_index_fsc": "[]",
    "worst_case_index_paynt": "[]",
    "environment_type": "batched_vec_storm",
    "number_of_extraction_trajectories": "[]",
    "extraction_type": "si-g",
    "lstm_width": 32,
    "extraction_less": false,
    "geometric_batched_vec_storm": true,
    "periodic_restarts": false,
    "worst_case_on_subset_rl": "[]",
    "worst_case_on_subset_fsc": "[]",
    "worst_cases_reachability_rl": "[]",
    "worst_cases_reachability_fsc": "[]",
    "period_between_worst_case_evaluation": "5",
    "shrink_and_perturb_activated": "[False, False, False, False]",
    "nr_of_clusters": "[612, 538, 544, 554]",
    "lstm_extracted_reachability": "[]",
    "lstm_extracted_return": "[]",
    "seed": "34567",
    "initial_time": "1757296923.3188124",
    "rl_training_times": "[591.1933362483978, 1981.2508788108826, 3970.7542021274567, 5514.92369055748]",
    "fsc_extraction_times": "[999.8545756340027, 2385.6885085105896, 4358.312875986099, 5919.333190202713]",
    "family_performance_times": "[1790.7134385108948, 3774.18475317955, 5326.267794847488, 6978.17825627327]",
    "worst_case_evaluation_times_rl": "[]",
    "worst_case_evaluation_times_fsc": "[]",
    "lstm_extracted_result_times": "[]",
    "cluster_evaluation_times": "[636.7256021499634, 2026.1411168575287, 4018.4175612926483, 5561.633637189865]"
}