{
    "number_of_pomdps_in_family": "1",
    "num_training_steps_per_iteration": "301",
    "average_rl_return_subset_simulated": "[93.395584, 241.97002, 268.76688, 306.71542, 349.91248, 461.30603, 409.44315, 248.38084, 261.56186, 215.89235, 195.09814]",
    "average_rl_reachability_subset_simulated": "[1.0, 1.0, 1.0, 1.0, 1.0, 1.0, 1.0, 1.0, 1.0, 1.0, 1.0]",
    "average_extracted_fsc_return_subset_simulated": "[-83.17863, -220.79704, -252.63173, -305.32623, -348.84225, -420.63486, -467.022, -245.25722, -260.76364, -229.78728, -200.5939]",
    "average_extracted_fsc_reachability_subset_simulated": "[1.0, 1.0, 1.0, 1.0, 1.0, 1.0, 1.0, 1.0, 1.0, 1.0, 1.0]",
    "family_performance": "[316.24829401446004, 309.74066219053066, 295.46631198385006, 371.55177612061175, 366.87629477046335, 444.5816217558958, 527.4270364567213, 332.928284316826, 331.59551470355433, 264.31284919627086, 227.98633107170608]",
    "available_nodes_in_fsc": "[array([ True,  True,  True]), array([ True,  True,  True]), array([ True,  True,  True]), array([ True,  True,  True]), array([ True,  True,  True]), array([ True,  True,  True]), array([ True,  True,  True]), array([ True,  True,  True]), array([ True,  True,  True]), array([ True,  True,  True]), array([ True,  True,  True])]",
    "worst_case_pomdp_values_simulated_rl": "[]",
    "worst_case_pomdp_values_simulated_fsc": "[]",
    "was_worst_case_same_as_simulated": "[]",
    "worst_case_index_rl": "[]",
    "worst_case_index_fsc": "[]",
    "worst_case_index_paynt": "[]",
    "environment_type": "batched_vec_storm",
    "number_of_extraction_trajectories": "[]",
    "extraction_type": "si-g",
    "lstm_width": 32,
    "extraction_less": false,
    "geometric_batched_vec_storm": true,
    "periodic_restarts": false,
    "worst_case_on_subset_rl": "[]",
    "worst_case_on_subset_fsc": "[]",
    "worst_cases_reachability_rl": "[]",
    "worst_cases_reachability_fsc": "[]",
    "period_between_worst_case_evaluation": "5",
    "shrink_and_perturb_activated": "[False, False, False, False, False, False, False, False, False, False, False]",
    "nr_of_clusters": "[401, 448, 507, 666, 675, 823, 1684, 1489, 1812, 1773, 1660]",
    "lstm_extracted_reachability": "[]",
    "lstm_extracted_return": "[]",
    "seed": "634567",
    "initial_time": "1757313249.1341317",
    "rl_training_times": "[341.8209881782532, 798.8580586910248, 1251.115638256073, 1716.1954531669617, 2210.8133783340454, 2695.2059280872345, 3184.6654295921326, 3685.498569250107, 4190.355846405029, 4679.271460533142, 5161.870588302612]",
    "fsc_extraction_times": "[710.3617091178894, 1160.065943479538, 1625.3869729042053, 2119.7468390464783, 2605.2715332508087, 3095.322286605835, 3590.206535100937, 4094.619686126709, 4579.877079963684, 5066.983511686325, 5558.570530414581]",
    "family_performance_times": "[721.8587799072266, 1171.2302868366241, 1638.207019329071, 2130.6502888202667, 2616.6429002285004, 3106.0272505283356, 3601.73570394516, 4106.109208106995, 4591.468210220337, 5079.961241483688, 5573.334229230881]",
    "worst_case_evaluation_times_rl": "[]",
    "worst_case_evaluation_times_fsc": "[]",
    "lstm_extracted_result_times": "[]",
    "cluster_evaluation_times": "[388.49429178237915, 843.3088116645813, 1295.875742673874, 1761.164477109909, 2255.994136571884, 2760.521594762802, 3228.536388158798, 3728.694566011429, 4235.057110309601, 4727.668335437775, 5204.948844909668]"
}