{
    "number_of_pomdps_in_family": "1",
    "num_training_steps_per_iteration": "301",
    "average_rl_return_subset_simulated": "[190.77457, 274.74484, 214.08098, 223.15112, 200.05022, 212.32709, 214.70087, 222.5012, 201.94989, 176.73232]",
    "average_rl_reachability_subset_simulated": "[0.2524084778420039, 1.0, 1.0, 1.0, 1.0, 1.0, 1.0, 1.0, 1.0, 1.0]",
    "average_extracted_fsc_return_subset_simulated": "[-198.92966, -273.88962, -219.26837, -234.53531, -202.14911, -207.71909, -220.06847, -229.85765, -209.65959, -186.43376]",
    "average_extracted_fsc_reachability_subset_simulated": "[0.20722433460076045, 1.0, 1.0, 1.0, 1.0, 1.0, 1.0, 1.0, 1.0, 1.0]",
    "family_performance": "[32180.2044449675, 382.6704780061655, 257.0600021658527, 245.15805776706873, 237.56237662795854, 235.633756489136, 235.71216338654213, 232.55742581800172, 218.5812938261922, 273.62117619487424]",
    "available_nodes_in_fsc": "[array([ True,  True,  True]), array([ True,  True,  True]), array([ True,  True,  True]), array([ True,  True,  True]), array([ True,  True,  True]), array([ True,  True,  True]), array([ True,  True,  True]), array([ True,  True,  True]), array([ True,  True,  True]), array([ True,  True,  True])]",
    "worst_case_pomdp_values_simulated_rl": "[]",
    "worst_case_pomdp_values_simulated_fsc": "[]",
    "was_worst_case_same_as_simulated": "[]",
    "worst_case_index_rl": "[]",
    "worst_case_index_fsc": "[]",
    "worst_case_index_paynt": "[]",
    "environment_type": "batched_vec_storm",
    "number_of_extraction_trajectories": "[]",
    "extraction_type": "si-g",
    "lstm_width": 32,
    "extraction_less": false,
    "geometric_batched_vec_storm": true,
    "periodic_restarts": false,
    "worst_case_on_subset_rl": "[]",
    "worst_case_on_subset_fsc": "[]",
    "worst_cases_reachability_rl": "[]",
    "worst_cases_reachability_fsc": "[]",
    "period_between_worst_case_evaluation": "5",
    "shrink_and_perturb_activated": "[False, False, False, False, False, False, False, False, False, False]",
    "nr_of_clusters": "[319, 1008, 593, 544, 620, 604, 813, 862, 1090, 561]",
    "lstm_extracted_reachability": "[]",
    "lstm_extracted_return": "[]",
    "seed": "612345",
    "initial_time": "1757184630.0154643",
    "rl_training_times": "[372.40036153793335, 923.5628917217255, 1455.6834845542908, 1988.6619172096252, 2523.3840911388397, 3071.8516552448273, 3594.274408340454, 4130.793442487717, 4653.082995891571, 5168.559952497482]",
    "fsc_extraction_times": "[803.1826360225677, 1354.8035397529602, 1887.3665199279785, 2424.1216580867767, 2963.576215028763, 3493.179388523102, 4030.602788925171, 4552.650198221207, 5064.6067662239075, 5591.280913114548]",
    "family_performance_times": "[839.5880873203278, 1371.0020403862, 1904.144546031952, 2439.042270898819, 2987.440046310425, 3508.0150034427643, 4043.3380060195923, 4566.352368354797, 5082.516628503799, 5605.442453861237]",
    "worst_case_evaluation_times_rl": "[]",
    "worst_case_evaluation_times_fsc": "[]",
    "lstm_extracted_result_times": "[]",
    "cluster_evaluation_times": "[418.40391540527344, 968.8855092525482, 1500.870653629303, 2034.4167754650116, 2568.901588201523, 3117.5673444271088, 3639.4487133026123, 4177.7958443164825, 4698.599509239197, 5225.944796085358]"
}