{
    "number_of_pomdps_in_family": "1",
    "num_training_steps_per_iteration": "301",
    "average_rl_return_subset_simulated": "[79.46913, 164.5258, 168.57076, 164.16212, 221.01796, 244.63316, 197.86465, 105.599106, 201.33147]",
    "average_rl_reachability_subset_simulated": "[1.0, 1.0, 1.0, 1.0, 1.0, 1.0, 1.0, 1.0, 1.0]",
    "average_extracted_fsc_return_subset_simulated": "[-80.494194, -166.71123, -176.36584, -164.47192, -222.19983, -258.67227, -204.21756, -108.63904, -204.59567]",
    "average_extracted_fsc_reachability_subset_simulated": "[1.0, 1.0, 1.0, 1.0, 1.0, 1.0, 1.0, 1.0, 1.0]",
    "family_performance": "[232.10169855948322, 225.80861311727105, 215.23920561725214, 264.66174806231646, 263.99406452048186, 275.8979236757537, 214.2250557256505, 275.7045908333583, 274.50975753191216]",
    "available_nodes_in_fsc": "[array([ True,  True,  True]), array([ True,  True,  True]), array([ True,  True,  True]), array([ True,  True,  True]), array([ True,  True,  True]), array([ True,  True,  True]), array([ True,  True,  True]), array([ True,  True,  True]), array([ True,  True,  True])]",
    "worst_case_pomdp_values_simulated_rl": "[]",
    "worst_case_pomdp_values_simulated_fsc": "[]",
    "was_worst_case_same_as_simulated": "[]",
    "worst_case_index_rl": "[]",
    "worst_case_index_fsc": "[]",
    "worst_case_index_paynt": "[]",
    "environment_type": "batched_vec_storm",
    "number_of_extraction_trajectories": "[]",
    "extraction_type": "si-g",
    "lstm_width": 32,
    "extraction_less": false,
    "geometric_batched_vec_storm": true,
    "periodic_restarts": false,
    "worst_case_on_subset_rl": "[]",
    "worst_case_on_subset_fsc": "[]",
    "worst_cases_reachability_rl": "[]",
    "worst_cases_reachability_fsc": "[]",
    "period_between_worst_case_evaluation": "5",
    "shrink_and_perturb_activated": "[False, False, False, False, False, False, False, False, False]",
    "nr_of_clusters": "[595, 574, 627, 348, 345, 374, 683, 528, 337]",
    "lstm_extracted_reachability": "[]",
    "lstm_extracted_return": "[]",
    "seed": "12345",
    "initial_time": "1757182648.2663126",
    "rl_training_times": "[367.1409316062927, 886.4978857040405, 1395.1211986541748, 1911.7677133083344, 2441.506092786789, 2969.474835395813, 3497.456525325775, 4032.4413964748383, 4565.140811443329]",
    "fsc_extraction_times": "[777.3733425140381, 1291.458106994629, 1814.7028379440308, 2345.973799228668, 2872.825613975525, 3401.306531906128, 3933.1169102191925, 4467.346361398697, 4995.5198357105255]",
    "family_performance_times": "[793.2982845306396, 1304.2377004623413, 1831.730875968933, 2357.438140630722, 2884.5925340652466, 3412.8689692020416, 3947.054029941559, 4479.225332736969, 5007.354649782181]",
    "worst_case_evaluation_times_rl": "[]",
    "worst_case_evaluation_times_fsc": "[]",
    "lstm_extracted_result_times": "[]",
    "cluster_evaluation_times": "[410.8143672943115, 932.6471681594849, 1442.8869559764862, 1975.673868894577, 2486.810914039612, 3014.440341949463, 3542.2688748836517, 4076.7874281406403, 4609.889315843582]"
}