{
    "number_of_pomdps_in_family": "1",
    "num_training_steps_per_iteration": "301",
    "average_rl_return_subset_simulated": "[92.16405, 159.07202, 193.85458, 200.99313, 183.34729, 200.5682, 260.38596, 295.94595, 297.8816]",
    "average_rl_reachability_subset_simulated": "[1.0, 1.0, 1.0, 1.0, 1.0, 1.0, 1.0, 1.0, 1.0]",
    "average_extracted_fsc_return_subset_simulated": "[-98.580414, -169.07024, -201.05328, -217.72198, -189.3299, -228.93369, -317.85208, -447.86115, -457.087]",
    "average_extracted_fsc_reachability_subset_simulated": "[1.0, 1.0, 1.0, 1.0, 1.0, 1.0, 1.0, 1.0, 1.0]",
    "family_performance": "[226.77679137631657, 222.61342406595261, 235.43095021182393, 228.5667154770786, 225.56361169805442, 327.4640439367217, 359.700848436451, 463.23976615601117, 481.6213191858304]",
    "available_nodes_in_fsc": "[array([ True,  True,  True,  True,  True,  True,  True,  True,  True]), array([ True,  True,  True,  True,  True,  True,  True,  True,  True]), array([ True,  True,  True,  True,  True,  True,  True,  True,  True]), array([ True,  True,  True,  True,  True,  True,  True,  True,  True]), array([ True,  True,  True,  True,  True,  True,  True,  True,  True]), array([ True,  True,  True,  True,  True,  True,  True,  True,  True]), array([ True,  True,  True,  True,  True,  True,  True,  True,  True]), array([ True,  True,  True,  True,  True,  True,  True,  True,  True]), array([ True,  True,  True,  True,  True,  True,  True,  True,  True])]",
    "worst_case_pomdp_values_simulated_rl": "[]",
    "worst_case_pomdp_values_simulated_fsc": "[]",
    "was_worst_case_same_as_simulated": "[]",
    "worst_case_index_rl": "[]",
    "worst_case_index_fsc": "[]",
    "worst_case_index_paynt": "[]",
    "environment_type": "batched_vec_storm",
    "number_of_extraction_trajectories": "[]",
    "extraction_type": "si-g",
    "lstm_width": 32,
    "extraction_less": false,
    "geometric_batched_vec_storm": true,
    "periodic_restarts": false,
    "worst_case_on_subset_rl": "[]",
    "worst_case_on_subset_fsc": "[]",
    "worst_cases_reachability_rl": "[]",
    "worst_cases_reachability_fsc": "[]",
    "period_between_worst_case_evaluation": "5",
    "shrink_and_perturb_activated": "[False, False, False, False, False, False, False, False, False]",
    "nr_of_clusters": "[376, 331, 334, 325, 305, 188, 179, 180, 204]",
    "lstm_extracted_reachability": "[]",
    "lstm_extracted_return": "[]",
    "seed": "12345",
    "initial_time": "1757097847.934055",
    "rl_training_times": "[336.61242151260376, 867.4032373428345, 1348.5607047080994, 1818.395789384842, 2346.5997064113617, 2830.967651605606, 3325.558464050293, 3806.7741260528564, 4282.1569356918335]",
    "fsc_extraction_times": "[733.909351348877, 1254.2096164226532, 1727.1261405944824, 2256.5664229393005, 2728.962395429611, 3239.499867916107, 3724.267203092575, 4202.357250452042, 4680.248308420181]",
    "family_performance_times": "[801.1527893543243, 1283.2607390880585, 1751.1763603687286, 2278.1432106494904, 2763.2477984428406, 3256.424126625061, 3740.9103293418884, 4216.408277511597, 4695.306476831436]",
    "worst_case_evaluation_times_rl": "[]",
    "worst_case_evaluation_times_fsc": "[]",
    "lstm_extracted_result_times": "[]",
    "cluster_evaluation_times": "[380.37997007369995, 911.5415394306183, 1394.4616935253143, 1919.7942061424255, 2391.18767118454, 2876.201244354248, 3370.1095185279846, 3850.3568103313446, 4327.013791561127]"
}