{
    "number_of_pomdps_in_family": "1",
    "num_training_steps_per_iteration": "301",
    "average_rl_return_subset_simulated": "[82.86541, 179.20996, 219.59634, 161.25412, 209.42888, 232.98738, 216.4085, 106.54042, 189.15616]",
    "average_rl_reachability_subset_simulated": "[0.8729559748427673, 1.0, 1.0, 1.0, 1.0, 1.0, 1.0, 1.0, 1.0]",
    "average_extracted_fsc_return_subset_simulated": "[-97.80575, -173.70363, -205.68013, -158.40195, -219.6024, -243.32303, -233.52104, -118.9373, -192.9391]",
    "average_extracted_fsc_reachability_subset_simulated": "[0.7564979480164159, 1.0, 1.0, 1.0, 1.0, 1.0, 1.0, 1.0, 1.0]",
    "family_performance": "[848.5661881207224, 345.3454466312384, 259.7256334692686, 253.9471335951837, 281.0970434714215, 279.70359823993783, 243.44938925284907, 277.74537630896674, 279.6296916018237]",
    "available_nodes_in_fsc": "[array([ True,  True,  True]), array([ True,  True,  True]), array([ True,  True,  True]), array([ True,  True,  True]), array([ True,  True,  True]), array([ True,  True,  True]), array([ True,  True,  True]), array([ True,  True,  True]), array([ True,  True,  True])]",
    "worst_case_pomdp_values_simulated_rl": "[]",
    "worst_case_pomdp_values_simulated_fsc": "[]",
    "was_worst_case_same_as_simulated": "[]",
    "worst_case_index_rl": "[]",
    "worst_case_index_fsc": "[]",
    "worst_case_index_paynt": "[]",
    "environment_type": "batched_vec_storm",
    "number_of_extraction_trajectories": "[]",
    "extraction_type": "si-g",
    "lstm_width": 32,
    "extraction_less": false,
    "geometric_batched_vec_storm": true,
    "periodic_restarts": false,
    "worst_case_on_subset_rl": "[]",
    "worst_case_on_subset_fsc": "[]",
    "worst_cases_reachability_rl": "[]",
    "worst_cases_reachability_fsc": "[]",
    "period_between_worst_case_evaluation": "5",
    "shrink_and_perturb_activated": "[False, False, False, False, False, False, False, False, False]",
    "nr_of_clusters": "[324, 549, 785, 1370, 892, 683, 669, 404, 348]",
    "lstm_extracted_reachability": "[]",
    "lstm_extracted_return": "[]",
    "seed": "23456",
    "initial_time": "1757248409.2210052",
    "rl_training_times": "[342.50624775886536, 822.8918812274933, 1295.7701325416565, 1759.145593881607, 2229.5094442367554, 2713.307861328125, 3190.9783470630646, 3664.2995615005493, 4140.916744232178]",
    "fsc_extraction_times": "[717.5731213092804, 1193.3212172985077, 1667.2689666748047, 2137.192343711853, 2616.0541627407074, 3096.404539346695, 3568.4106607437134, 4044.9250931739807, 4511.314749717712]",
    "family_performance_times": "[730.4492681026459, 1205.875646352768, 1679.0558631420135, 2149.2078857421875, 2632.3712294101715, 3108.3176453113556, 3581.989337205887, 4057.2229113578796, 4523.066658258438]",
    "worst_case_evaluation_times_rl": "[]",
    "worst_case_evaluation_times_fsc": "[]",
    "lstm_extracted_result_times": "[]",
    "cluster_evaluation_times": "[389.19035506248474, 867.2966713905334, 1341.946375131607, 1804.4063880443573, 2291.9397127628326, 2757.5909271240234, 3235.891173839569, 3709.2237696647644, 4185.406136512756]"
}