{
    "number_of_pomdps_in_family": "1",
    "num_training_steps_per_iteration": "301",
    "average_rl_return_subset_simulated": "[67.321, 182.63115, 200.6552, 186.19197, 201.37868, 206.9302]",
    "average_rl_reachability_subset_simulated": "[1.0, 1.0, 1.0, 1.0, 1.0, 1.0]",
    "average_extracted_fsc_return_subset_simulated": "[-100.01389, -214.34712, -207.15594, -198.02826, -209.5877, -223.32704]",
    "average_extracted_fsc_reachability_subset_simulated": "[1.0, 1.0, 1.0, 1.0, 1.0, 1.0]",
    "family_performance": "[452.4172443729214, 315.19928516264827, 239.83458325569825, 268.67822864680414, 255.90726894391605, 242.16074075172398]",
    "available_nodes_in_fsc": "[array([ True,  True,  True]), array([ True,  True,  True]), array([ True,  True,  True]), array([ True,  True,  True]), array([ True,  True,  True]), array([ True,  True,  True])]",
    "worst_case_pomdp_values_simulated_rl": "[]",
    "worst_case_pomdp_values_simulated_fsc": "[]",
    "was_worst_case_same_as_simulated": "[]",
    "worst_case_index_rl": "[]",
    "worst_case_index_fsc": "[]",
    "worst_case_index_paynt": "[]",
    "environment_type": "batched_vec_storm",
    "number_of_extraction_trajectories": "[]",
    "extraction_type": "si-g",
    "lstm_width": 32,
    "extraction_less": false,
    "geometric_batched_vec_storm": true,
    "periodic_restarts": false,
    "worst_case_on_subset_rl": "[]",
    "worst_case_on_subset_fsc": "[]",
    "worst_cases_reachability_rl": "[]",
    "worst_cases_reachability_fsc": "[]",
    "period_between_worst_case_evaluation": "5",
    "shrink_and_perturb_activated": "[False, False, False, False, False, False]",
    "nr_of_clusters": "[384, 620, 1026, 1989, 1180, 1239]",
    "lstm_extracted_reachability": "[]",
    "lstm_extracted_return": "[]",
    "seed": "623456",
    "initial_time": "1757250707.9873624",
    "rl_training_times": "[340.4067072868347, 804.8126082420349, 1265.3200914859772, 1739.7061653137207, 2200.6036760807037, 2669.270829439163]",
    "fsc_extraction_times": "[714.1615331172943, 1170.7486910820007, 1642.810824394226, 2103.60723900795, 2574.833441257477, 3055.694144964218]",
    "family_performance_times": "[725.374635219574, 1182.4684436321259, 1656.6021463871002, 2118.2944390773773, 2587.1024100780487, 3067.9894292354584]",
    "worst_case_evaluation_times_rl": "[]",
    "worst_case_evaluation_times_fsc": "[]",
    "lstm_extracted_result_times": "[]",
    "cluster_evaluation_times": "[383.94500494003296, 847.8792119026184, 1310.0610218048096, 1782.985140800476, 2244.2424783706665, 2715.150542497635]"
}