{
    "number_of_pomdps_in_family": "1",
    "num_training_steps_per_iteration": "301",
    "average_rl_return_subset_simulated": "[69.49611, 160.59444, 168.4777, 161.5207, 200.21318, 212.8359, 164.93866, 185.93945, 220.9628, 241.9041]",
    "average_rl_reachability_subset_simulated": "[1.0, 1.0, 1.0, 1.0, 1.0, 1.0, 1.0, 1.0, 1.0, 1.0]",
    "average_extracted_fsc_return_subset_simulated": "[-67.266045, -166.49017, -180.6271, -168.60571, -226.18553, -212.87566, -176.28304, -202.14432, -241.59123, -261.99524]",
    "average_extracted_fsc_reachability_subset_simulated": "[1.0, 1.0, 1.0, 1.0, 1.0, 1.0, 1.0, 1.0, 1.0, 1.0]",
    "family_performance": "[234.77106313803225, 241.54236166668082, 215.11251181985565, 246.86395061064658, 267.8593370127643, 226.83883604506934, 229.45658454857434, 263.66154660838185, 267.2835173405469, 290.2377342085239]",
    "available_nodes_in_fsc": "[array([ True,  True,  True]), array([ True,  True,  True]), array([ True,  True,  True]), array([ True,  True,  True]), array([ True,  True,  True]), array([ True,  True,  True]), array([ True,  True,  True]), array([ True,  True,  True]), array([ True,  True,  True]), array([ True,  True,  True])]",
    "worst_case_pomdp_values_simulated_rl": "[]",
    "worst_case_pomdp_values_simulated_fsc": "[]",
    "was_worst_case_same_as_simulated": "[]",
    "worst_case_index_rl": "[]",
    "worst_case_index_fsc": "[]",
    "worst_case_index_paynt": "[]",
    "environment_type": "batched_vec_storm",
    "number_of_extraction_trajectories": "[]",
    "extraction_type": "si-g",
    "lstm_width": 32,
    "extraction_less": false,
    "geometric_batched_vec_storm": true,
    "periodic_restarts": false,
    "worst_case_on_subset_rl": "[]",
    "worst_case_on_subset_fsc": "[]",
    "worst_cases_reachability_rl": "[]",
    "worst_cases_reachability_fsc": "[]",
    "period_between_worst_case_evaluation": "5",
    "shrink_and_perturb_activated": "[False, False, False, False, False, False, False, False, False, False]",
    "nr_of_clusters": "[572, 480, 860, 601, 774, 950, 1419, 924, 807, 1379]",
    "lstm_extracted_reachability": "[]",
    "lstm_extracted_return": "[]",
    "seed": "34567",
    "initial_time": "1757316018.4356337",
    "rl_training_times": "[344.76815915107727, 838.11288022995, 1345.5454416275024, 1848.9461951255798, 2335.972639799118, 2821.568519592285, 3318.366295337677, 3797.82963514328, 4272.2680649757385, 4734.570296049118]",
    "fsc_extraction_times": "[740.4276514053345, 1248.0345826148987, 1747.2653214931488, 2243.1600589752197, 2726.8840861320496, 3222.9007592201233, 3701.879386663437, 4178.961059808731, 4636.671624422073, 5118.905555486679]",
    "family_performance_times": "[755.3240385055542, 1262.365698814392, 1769.5001027584076, 2256.816489458084, 2740.5771913528442, 3236.8562853336334, 3716.9620282649994, 4191.121556997299, 4648.840479850769, 5132.003258466721]",
    "worst_case_evaluation_times_rl": "[]",
    "worst_case_evaluation_times_fsc": "[]",
    "lstm_extracted_result_times": "[]",
    "cluster_evaluation_times": "[386.5384101867676, 884.3737914562225, 1390.6086974143982, 1893.8382215499878, 2380.0204775333405, 2883.959790945053, 3362.264856815338, 3841.2297575473785, 4316.317210435867, 4780.7101328372955]"
}