{
    "number_of_pomdps_in_family": "1",
    "num_training_steps_per_iteration": "301",
    "average_rl_return_subset_simulated": "[150.12292, 207.16489, 220.17421, 213.68198, 211.6929, 204.64238, 198.62152, 212.90433, 221.09904, 202.58568, 163.8383, 201.28554]",
    "average_rl_reachability_subset_simulated": "[1.0, 1.0, 1.0, 1.0, 1.0, 1.0, 1.0, 1.0, 1.0, 1.0, 1.0, 1.0]",
    "average_extracted_fsc_return_subset_simulated": "[-147.7133, -206.7166, -217.98993, -216.26485, -215.82141, -203.36385, -200.74934, -219.89804, -221.66449, -215.62753, -164.08653, -207.31145]",
    "average_extracted_fsc_reachability_subset_simulated": "[1.0, 1.0, 1.0, 1.0, 1.0, 1.0, 1.0, 1.0, 1.0, 1.0, 1.0, 1.0]",
    "family_performance": "[255.1901822979632, 250.5258190709059, 235.93336654294805, 229.50766954081183, 225.6050930993881, 217.93096425622477, 223.93821674569324, 232.99702494244087, 226.752205294544, 217.77115374679806, 248.22137279662047, 254.5091241330357]",
    "available_nodes_in_fsc": "[array([ True,  True,  True,  True,  True,  True,  True,  True,  True]), array([ True,  True,  True,  True,  True,  True,  True,  True,  True]), array([ True,  True,  True,  True,  True,  True,  True,  True,  True]), array([ True,  True,  True,  True,  True,  True,  True,  True,  True]), array([ True,  True,  True,  True,  True,  True,  True,  True,  True]), array([ True,  True,  True,  True,  True,  True,  True,  True,  True]), array([ True,  True,  True,  True,  True,  True,  True,  True,  True]), array([ True,  True,  True,  True,  True,  True,  True,  True,  True]), array([ True,  True,  True,  True,  True,  True,  True,  True,  True]), array([ True,  True,  True,  True,  True,  True,  True,  True,  True]), array([ True,  True,  True,  True,  True,  True,  True,  True,  True]), array([ True,  True,  True,  True,  True,  True,  True,  True,  True])]",
    "worst_case_pomdp_values_simulated_rl": "[]",
    "worst_case_pomdp_values_simulated_fsc": "[]",
    "was_worst_case_same_as_simulated": "[]",
    "worst_case_index_rl": "[]",
    "worst_case_index_fsc": "[]",
    "worst_case_index_paynt": "[]",
    "environment_type": "batched_vec_storm",
    "number_of_extraction_trajectories": "[]",
    "extraction_type": "si-g",
    "lstm_width": 32,
    "extraction_less": false,
    "geometric_batched_vec_storm": true,
    "periodic_restarts": false,
    "worst_case_on_subset_rl": "[]",
    "worst_case_on_subset_fsc": "[]",
    "worst_cases_reachability_rl": "[]",
    "worst_cases_reachability_fsc": "[]",
    "period_between_worst_case_evaluation": "5",
    "shrink_and_perturb_activated": "[False, False, False, False, False, False, False, False, False, False, False, False]",
    "nr_of_clusters": "[431, 491, 526, 504, 568, 689, 761, 756, 843, 1093, 616, 616]",
    "lstm_extracted_reachability": "[]",
    "lstm_extracted_return": "[]",
    "seed": "612345",
    "initial_time": "1757099776.4764907",
    "rl_training_times": "[347.11173129081726, 847.5535011291504, 1383.5623798370361, 1893.8064641952515, 2385.089279651642, 2878.4723103046417, 3373.187556028366, 3852.528523683548, 4338.2021062374115, 4825.311819791794, 5307.468290567398, 5764.961084604263]",
    "fsc_extraction_times": "[721.4297370910645, 1242.4117014408112, 1781.6909470558167, 2285.427152633667, 2773.368091106415, 3268.458295106888, 3749.583985567093, 4241.343757867813, 4721.859028577805, 5202.144179821014, 5685.06067109108, 6140.2673082351685]",
    "family_performance_times": "[783.4226293563843, 1315.8464577198029, 1826.985536813736, 2319.629468202591, 2812.4500365257263, 3307.4860138893127, 3786.0394294261932, 4269.458512544632, 4753.000742435455, 5240.365460395813, 5700.581617593765, 6156.394932746887]",
    "worst_case_evaluation_times_rl": "[]",
    "worst_case_evaluation_times_fsc": "[]",
    "lstm_extracted_result_times": "[]",
    "cluster_evaluation_times": "[390.26920557022095, 891.5106139183044, 1426.4734814167023, 1937.8281762599945, 2430.8762509822845, 2925.3301599025726, 3417.4267151355743, 3897.96382522583, 4383.22106385231, 4873.834717035294, 5351.96870136261, 5808.113559484482]"
}