{
    "number_of_pomdps_in_family": "1",
    "num_training_steps_per_iteration": "301",
    "average_rl_return_subset_simulated": "[76.1544, 185.24483, 193.37189, 182.79976, 164.89577, 146.18857, 133.60495, 119.38107, 116.94287, 129.05641]",
    "average_rl_reachability_subset_simulated": "[1.0, 1.0, 1.0, 1.0, 1.0, 1.0, 1.0, 1.0, 1.0, 1.0]",
    "average_extracted_fsc_return_subset_simulated": "[-69.13863, -179.0368, -205.41005, -196.0961, -175.54704, -156.09471, -156.08626, -145.80402, -146.83284, -150.41484]",
    "average_extracted_fsc_reachability_subset_simulated": "[1.0, 1.0, 1.0, 1.0, 1.0, 1.0, 1.0, 1.0, 1.0, 1.0]",
    "family_performance": "[250.78423117968106, 254.96211944614214, 224.75417825088007, 205.7300113346503, 176.65742144016832, 159.3186239260139, 158.7364904607996, 168.96413790073925, 152.6600094535099, 156.7439771498959]",
    "available_nodes_in_fsc": "[array([ True,  True,  True]), array([ True,  True,  True]), array([ True,  True,  True]), array([ True,  True,  True]), array([ True,  True,  True]), array([ True,  True,  True]), array([ True,  True,  True]), array([ True,  True,  True]), array([ True,  True,  True]), array([ True,  True,  True])]",
    "worst_case_pomdp_values_simulated_rl": "[]",
    "worst_case_pomdp_values_simulated_fsc": "[]",
    "was_worst_case_same_as_simulated": "[]",
    "worst_case_index_rl": "[]",
    "worst_case_index_fsc": "[]",
    "worst_case_index_paynt": "[]",
    "environment_type": "batched_vec_storm",
    "number_of_extraction_trajectories": "[]",
    "extraction_type": "si-g",
    "lstm_width": 32,
    "extraction_less": false,
    "geometric_batched_vec_storm": true,
    "periodic_restarts": false,
    "worst_case_on_subset_rl": "[]",
    "worst_case_on_subset_fsc": "[]",
    "worst_cases_reachability_rl": "[]",
    "worst_cases_reachability_fsc": "[]",
    "period_between_worst_case_evaluation": "5",
    "shrink_and_perturb_activated": "[False, False, False, False, False, False, False, False, False, False]",
    "nr_of_clusters": "[723, 886, 674, 709, 604, 581, 795, 789, 639, 853]",
    "lstm_extracted_reachability": "[]",
    "lstm_extracted_return": "[]",
    "seed": "23456",
    "initial_time": "1757471652.3013318",
    "rl_training_times": "[192.5858097076416, 661.7057573795319, 1125.0019807815552, 1593.3776035308838, 2065.2494831085205, 2534.097697496414, 3014.505606174469, 3486.819950580597, 3961.5534176826477, 4437.713475704193]",
    "fsc_extraction_times": "[591.7366580963135, 1057.4031610488892, 1522.3690211772919, 1992.4808475971222, 2462.821383714676, 2937.909858226776, 3411.9004275798798, 3883.9758038520813, 4360.41620182991, 4837.467132091522]",
    "family_performance_times": "[608.0564315319061, 1071.8565349578857, 1539.007961511612, 2008.0021059513092, 2479.5810215473175, 2953.657041311264, 3430.248427629471, 3905.695148706436, 4381.997266530991, 4860.809875965118]",
    "worst_case_evaluation_times_rl": "[]",
    "worst_case_evaluation_times_fsc": "[]",
    "lstm_extracted_result_times": "[]",
    "cluster_evaluation_times": "[236.64954209327698, 705.0829641819, 1170.7674887180328, 1637.6820118427277, 2111.5928630828857, 2578.297468185425, 3059.2524297237396, 3531.686040878296, 4007.3851642608643, 4482.91817688942]"
}