{
    "number_of_pomdps_in_family": "1",
    "num_training_steps_per_iteration": "301",
    "average_rl_return_subset_simulated": "[75.24964, 136.17476, 144.23859, 134.73463, 121.788765, 129.68787, 82.791954]",
    "average_rl_reachability_subset_simulated": "[1.0, 1.0, 1.0, 1.0, 1.0, 1.0, 1.0]",
    "average_extracted_fsc_return_subset_simulated": "[-80.891685, -150.0203, -169.57123, -173.76128, -173.27844, -201.17142, -137.37541]",
    "average_extracted_fsc_reachability_subset_simulated": "[1.0, 1.0, 1.0, 1.0, 1.0, 1.0, 1.0]",
    "family_performance": "[200.94370716706027, 194.48510051399177, 184.03673922193892, 178.8839441698393, 181.5883015528212, 230.2150634622095, 182.04775453405026]",
    "available_nodes_in_fsc": "[array([ True,  True,  True]), array([ True,  True,  True]), array([ True,  True,  True]), array([ True,  True,  True]), array([ True,  True,  True]), array([ True, False, False]), array([ True,  True,  True])]",
    "worst_case_pomdp_values_simulated_rl": "[]",
    "worst_case_pomdp_values_simulated_fsc": "[]",
    "was_worst_case_same_as_simulated": "[]",
    "worst_case_index_rl": "[]",
    "worst_case_index_fsc": "[]",
    "worst_case_index_paynt": "[]",
    "environment_type": "batched_vec_storm",
    "number_of_extraction_trajectories": "[]",
    "extraction_type": "si-g",
    "lstm_width": 32,
    "extraction_less": false,
    "geometric_batched_vec_storm": true,
    "periodic_restarts": false,
    "worst_case_on_subset_rl": "[]",
    "worst_case_on_subset_fsc": "[]",
    "worst_cases_reachability_rl": "[]",
    "worst_cases_reachability_fsc": "[]",
    "period_between_worst_case_evaluation": "5",
    "shrink_and_perturb_activated": "[False, False, False, False, False, False, False]",
    "nr_of_clusters": "[1115, 889, 755, 705, 688, 835, 792]",
    "lstm_extracted_reachability": "[]",
    "lstm_extracted_return": "[]",
    "seed": "12345",
    "initial_time": "1757409333.977528",
    "rl_training_times": "[200.99586606025696, 797.0602698326111, 1292.2197391986847, 1817.4023916721344, 2328.6196875572205, 2836.646223783493, 3403.0418560504913]",
    "fsc_extraction_times": "[719.2108345031738, 1221.8641681671143, 1722.4117579460144, 2255.026125431061, 2761.782069206238, 3330.4427773952484, 3841.0176887512207]",
    "family_performance_times": "[739.1771383285522, 1234.8122489452362, 1735.3762645721436, 2270.3238365650177, 2778.0283443927765, 3343.676731109619, 3856.446960926056]",
    "worst_case_evaluation_times_rl": "[]",
    "worst_case_evaluation_times_fsc": "[]",
    "lstm_extracted_result_times": "[]",
    "cluster_evaluation_times": "[332.00065779685974, 842.7963185310364, 1338.1938800811768, 1864.5229279994965, 2375.2795054912567, 2882.5686049461365, 3449.737828731537]"
}