{
    "number_of_pomdps_in_family": "1",
    "num_training_steps_per_iteration": "301",
    "average_rl_return_subset_simulated": "[68.18105, 66.584915, 42.82913, 28.215359, 49.088276, 39.47319, 33.947567]",
    "average_rl_reachability_subset_simulated": "[1.0, 1.0, 1.0, 1.0, 1.0, 1.0, 1.0]",
    "average_extracted_fsc_return_subset_simulated": "[-419.8856, -392.3644, -282.1858, -205.1365, -139.14874, -105.222, -106.07539]",
    "average_extracted_fsc_reachability_subset_simulated": "[1.0, 1.0, 1.0, 1.0, 1.0, 1.0, 1.0]",
    "family_performance": "[489.2988655615935, 502.258445938702, 334.8194709898445, 273.3052595803133, 240.28601571639743, 231.1930041977623, 224.99946083449305]",
    "available_nodes_in_fsc": "[array([ True,  True,  True,  True,  True,  True,  True,  True]), array([ True,  True,  True,  True,  True,  True,  True,  True,  True,\n        True,  True]), array([ True,  True,  True,  True,  True,  True,  True,  True]), array([ True,  True,  True,  True,  True,  True,  True,  True,  True]), array([ True,  True,  True,  True,  True,  True,  True,  True,  True,\n        True]), array([ True,  True,  True,  True,  True,  True,  True,  True,  True,\n        True]), array([ True,  True,  True,  True,  True,  True,  True,  True,  True])]",
    "worst_case_pomdp_values_simulated_rl": "[]",
    "worst_case_pomdp_values_simulated_fsc": "[]",
    "was_worst_case_same_as_simulated": "[]",
    "worst_case_index_rl": "[]",
    "worst_case_index_fsc": "[]",
    "worst_case_index_paynt": "[]",
    "environment_type": "batched_vec_storm",
    "number_of_extraction_trajectories": "[]",
    "extraction_type": "alergia",
    "lstm_width": 32,
    "extraction_less": true,
    "geometric_batched_vec_storm": true,
    "periodic_restarts": false,
    "worst_case_on_subset_rl": "[]",
    "worst_case_on_subset_fsc": "[]",
    "worst_cases_reachability_rl": "[]",
    "worst_cases_reachability_fsc": "[]",
    "period_between_worst_case_evaluation": "5",
    "shrink_and_perturb_activated": "[False, False, False, False, False, False, False]",
    "nr_of_clusters": "[622, 943, 1054, 1336, 1339, 1309, 1088]",
    "lstm_extracted_reachability": "[]",
    "lstm_extracted_return": "[]",
    "seed": "34567",
    "initial_time": "1759233220.5676339",
    "rl_training_times": "[644.0731217861176, 966.9216659069061, 1780.2724330425262, 2159.5120174884796, 2534.9546847343445, 2952.6203050613403, 3326.16730260849]",
    "fsc_extraction_times": "[761.922310590744, 1080.6371338367462, 1900.9466791152954, 2300.195910692215, 2687.5566086769104, 3097.845090866089, 3462.9014179706573]",
    "family_performance_times": "[865.9099073410034, 1662.3144445419312, 2055.8291070461273, 2400.8721418380737, 2823.300870656967, 3221.3319363594055, 3551.0356798171997]",
    "worst_case_evaluation_times_rl": "[]",
    "worst_case_evaluation_times_fsc": "[]",
    "lstm_extracted_result_times": "[]",
    "cluster_evaluation_times": "[683.633807182312, 1001.8754467964172, 1818.7658104896545, 2197.9571430683136, 2577.8190410137177, 2994.942426919937, 3373.554265975952]"
}