{
    "number_of_pomdps_in_family": "1",
    "num_training_steps_per_iteration": "301",
    "average_rl_return_subset_simulated": "[93.85091, 74.10559, 45.16671, 71.26763, 62.584778, 27.485495, 16.862823, 15.239448, 15.018669, 14.499768]",
    "average_rl_reachability_subset_simulated": "[1.0, 1.0, 1.0, 1.0, 1.0, 1.0, 1.0, 1.0, 1.0, 1.0]",
    "average_extracted_fsc_return_subset_simulated": "[-458.43588, -414.10855, -330.10068, -259.52734, -214.00928, -171.28445, -138.45312, -135.66081, -157.19798, -136.20555]",
    "average_extracted_fsc_reachability_subset_simulated": "[1.0, 1.0, 1.0, 1.0, 1.0, 1.0, 1.0, 1.0, 1.0, 1.0]",
    "family_performance": "[504.9723443101013, 430.29574549431493, 341.7608534518065, 274.83597213830893, 231.07913043569644, 179.33616763224097, 143.76118689836798, 137.60367024806277, 158.85809426451374, 137.22848957117213]",
    "available_nodes_in_fsc": "[array([ True,  True,  True,  True,  True,  True,  True,  True]), array([ True,  True,  True,  True,  True,  True,  True,  True,  True,\n        True]), array([ True,  True,  True,  True,  True,  True,  True,  True,  True,\n        True]), array([ True,  True,  True,  True,  True,  True,  True,  True,  True]), array([ True,  True,  True,  True,  True,  True,  True,  True,  True,\n        True,  True,  True]), array([ True,  True,  True,  True,  True,  True,  True,  True,  True,\n        True,  True]), array([ True,  True,  True,  True,  True,  True,  True,  True,  True,\n        True,  True]), array([ True,  True,  True,  True,  True,  True,  True,  True,  True]), array([ True,  True,  True,  True,  True,  True,  True]), array([ True,  True,  True,  True,  True,  True,  True,  True,  True])]",
    "worst_case_pomdp_values_simulated_rl": "[]",
    "worst_case_pomdp_values_simulated_fsc": "[]",
    "was_worst_case_same_as_simulated": "[]",
    "worst_case_index_rl": "[]",
    "worst_case_index_fsc": "[]",
    "worst_case_index_paynt": "[]",
    "environment_type": "batched_vec_storm",
    "number_of_extraction_trajectories": "[]",
    "extraction_type": "alergia",
    "lstm_width": 32,
    "extraction_less": false,
    "geometric_batched_vec_storm": true,
    "periodic_restarts": false,
    "worst_case_on_subset_rl": "[]",
    "worst_case_on_subset_fsc": "[]",
    "worst_cases_reachability_rl": "[]",
    "worst_cases_reachability_fsc": "[]",
    "period_between_worst_case_evaluation": "5",
    "shrink_and_perturb_activated": "[False, False, False, False, False, False, False, False, False, False]",
    "nr_of_clusters": "[531, 840, 1012, 1223, 1465, 1356, 1058, 884, 783, 751]",
    "lstm_extracted_reachability": "[]",
    "lstm_extracted_return": "[]",
    "seed": "23456",
    "initial_time": "1759141716.0793295",
    "rl_training_times": "[575.151121377945, 866.0390822887421, 1151.7443916797638, 1535.6393551826477, 1837.5778834819794, 2255.8599309921265, 2542.8747828006744, 2799.384084224701, 3071.624897003174, 3334.53347492218]",
    "fsc_extraction_times": "[676.207145690918, 964.7344443798065, 1260.228720664978, 1652.8272852897644, 1941.7251443862915, 2359.639407634735, 2648.9067697525024, 2898.788536310196, 3173.553295850754, 3435.596360206604]",
    "family_performance_times": "[785.5179793834686, 1067.457752943039, 1442.8233044147491, 1736.8536157608032, 2146.2351315021515, 2449.6420514583588, 2711.4133739471436, 2984.5264632701874, 3245.936474084854, 3503.5983607769012]",
    "worst_case_evaluation_times_rl": "[]",
    "worst_case_evaluation_times_fsc": "[]",
    "lstm_extracted_result_times": "[]",
    "cluster_evaluation_times": "[607.6983964443207, 898.4802579879761, 1188.0420455932617, 1569.8516793251038, 1871.5915546417236, 2290.5629658699036, 2579.5693385601044, 2832.5696980953217, 3105.0616929531097, 3368.360392332077]"
}