{
    "number_of_pomdps_in_family": "1",
    "num_training_steps_per_iteration": "301",
    "average_rl_return_subset_simulated": "[67.25198, 50.175133, 30.998875, 62.40617, 74.61705, 21.127325, 18.60235, 15.5854435]",
    "average_rl_reachability_subset_simulated": "[1.0, 1.0, 1.0, 1.0, 1.0, 1.0, 1.0, 1.0]",
    "average_extracted_fsc_return_subset_simulated": "[-419.8856, -395.27863, -345.83502, -262.73526, -206.67621, -167.77551, -403.42548, -117.690636]",
    "average_extracted_fsc_reachability_subset_simulated": "[1.0, 1.0, 1.0, 1.0, 1.0, 1.0, 1.0, 1.0]",
    "family_performance": "[489.2988655615935, 424.35179667121844, 359.28822887239653, 276.2788258332283, 212.00487304837958, 172.3161655383791, 505.8089755869348, 135.8520305307742]",
    "available_nodes_in_fsc": "[array([ True,  True,  True,  True,  True,  True,  True,  True]), array([ True,  True,  True,  True,  True,  True,  True,  True,  True]), array([ True,  True,  True,  True,  True,  True,  True,  True,  True,\n        True,  True]), array([ True,  True,  True,  True,  True,  True,  True]), array([ True,  True,  True,  True,  True,  True,  True,  True]), array([ True,  True,  True,  True,  True,  True,  True,  True,  True,\n        True]), array([ True,  True,  True,  True,  True,  True,  True,  True,  True,\n        True,  True,  True]), array([ True,  True,  True,  True,  True,  True,  True,  True,  True,\n        True])]",
    "worst_case_pomdp_values_simulated_rl": "[]",
    "worst_case_pomdp_values_simulated_fsc": "[]",
    "was_worst_case_same_as_simulated": "[]",
    "worst_case_index_rl": "[]",
    "worst_case_index_fsc": "[]",
    "worst_case_index_paynt": "[]",
    "environment_type": "batched_vec_storm",
    "number_of_extraction_trajectories": "[]",
    "extraction_type": "alergia",
    "lstm_width": 32,
    "extraction_less": false,
    "geometric_batched_vec_storm": true,
    "periodic_restarts": false,
    "worst_case_on_subset_rl": "[]",
    "worst_case_on_subset_fsc": "[]",
    "worst_cases_reachability_rl": "[]",
    "worst_cases_reachability_fsc": "[]",
    "period_between_worst_case_evaluation": "5",
    "shrink_and_perturb_activated": "[False, False, False, False, False, False, False, False]",
    "nr_of_clusters": "[622, 977, 1113, 1349, 1478, 1303, 1049, 847]",
    "lstm_extracted_reachability": "[]",
    "lstm_extracted_return": "[]",
    "seed": "34567",
    "initial_time": "1759148922.398114",
    "rl_training_times": "[547.7710704803467, 825.572557926178, 1094.991150379181, 1883.1657054424286, 2207.0452024936676, 2511.908207654953, 2839.6665086746216, 3147.553393125534]",
    "fsc_extraction_times": "[650.0140631198883, 928.301237821579, 1203.7433676719666, 2027.44016289711, 2311.634968519211, 2615.606932401657, 2950.035975456238, 3263.8417477607727]",
    "family_performance_times": "[745.6163899898529, 1014.2858452796936, 1783.1160080432892, 2106.613009929657, 2408.4027700424194, 2739.656559944153, 3051.6282987594604, 3328.447630405426]",
    "worst_case_evaluation_times_rl": "[]",
    "worst_case_evaluation_times_fsc": "[]",
    "lstm_extracted_result_times": "[]",
    "cluster_evaluation_times": "[580.4505567550659, 857.9469275474548, 1128.0956263542175, 1918.7543194293976, 2241.356341600418, 2546.001720428467, 2878.1935362815857, 3182.154997110367]"
}