{
    "number_of_pomdps_in_family": "1",
    "num_training_steps_per_iteration": "301",
    "average_rl_return_subset_simulated": "[63.606155, 58.71329, 79.08229, 55.41819, 26.233185, 17.1532, 42.815357]",
    "average_rl_reachability_subset_simulated": "[1.0, 1.0, 1.0, 1.0, 1.0, 1.0, 1.0]",
    "average_extracted_fsc_return_subset_simulated": "[-408.78488, -336.92093, -240.5502, -164.61209, -145.08665, -157.7318, -81.72279]",
    "average_extracted_fsc_reachability_subset_simulated": "[1.0, 1.0, 1.0, 1.0, 1.0, 1.0, 1.0]",
    "family_performance": "[485.8572943673512, 405.9464786617169, 321.69081060175034, 247.92371548550915, 223.80513113196432, 290.8076293900618, 194.79583752160818]",
    "available_nodes_in_fsc": "[array([ True,  True,  True,  True,  True,  True,  True,  True,  True,\n        True,  True]), array([ True,  True,  True,  True,  True,  True,  True,  True,  True,\n        True,  True,  True]), array([ True,  True,  True,  True,  True,  True,  True,  True,  True,\n        True,  True,  True,  True]), array([ True,  True,  True,  True,  True,  True,  True,  True,  True,\n        True,  True,  True]), array([ True,  True,  True,  True,  True,  True,  True,  True]), array([ True,  True,  True,  True,  True,  True,  True,  True,  True,\n        True]), array([ True,  True,  True,  True,  True,  True,  True,  True,  True,\n        True,  True])]",
    "worst_case_pomdp_values_simulated_rl": "[]",
    "worst_case_pomdp_values_simulated_fsc": "[]",
    "was_worst_case_same_as_simulated": "[]",
    "worst_case_index_rl": "[]",
    "worst_case_index_fsc": "[]",
    "worst_case_index_paynt": "[]",
    "environment_type": "batched_vec_storm",
    "number_of_extraction_trajectories": "[]",
    "extraction_type": "alergia",
    "lstm_width": 32,
    "extraction_less": true,
    "geometric_batched_vec_storm": true,
    "periodic_restarts": false,
    "worst_case_on_subset_rl": "[]",
    "worst_case_on_subset_fsc": "[]",
    "worst_cases_reachability_rl": "[]",
    "worst_cases_reachability_fsc": "[]",
    "period_between_worst_case_evaluation": "5",
    "shrink_and_perturb_activated": "[False, False, False, False, False, False, False]",
    "nr_of_clusters": "[441, 550, 743, 1232, 1378, 1351, 1679]",
    "lstm_extracted_reachability": "[]",
    "lstm_extracted_return": "[]",
    "seed": "12345",
    "initial_time": "1759226012.269794",
    "rl_training_times": "[607.1598677635193, 902.6732034683228, 1240.9512975215912, 1632.8333990573883, 2199.062234401703, 2624.8669464588165, 2989.859827041626]",
    "fsc_extraction_times": "[728.3373689651489, 1010.4712038040161, 1356.8943243026733, 1739.4539337158203, 2312.091514110565, 2733.090483188629, 3111.0682253837585]",
    "family_performance_times": "[812.1491270065308, 1125.0654528141022, 1528.5651400089264, 2087.5814595222473, 2525.6227090358734, 2882.9202382564545, 3247.2047448158264]",
    "worst_case_evaluation_times_rl": "[]",
    "worst_case_evaluation_times_fsc": "[]",
    "lstm_extracted_result_times": "[]",
    "cluster_evaluation_times": "[646.074896812439, 936.9493281841278, 1276.5405435562134, 1667.344574213028, 2236.3419394493103, 2660.8357634544373, 3031.19508767128]"
}