{
    "number_of_pomdps_in_family": "1",
    "num_training_steps_per_iteration": "301",
    "average_rl_return_subset_simulated": "[51.27913, 59.372173, 51.1136, 62.006382, 42.69884, 28.577423, 48.350857]",
    "average_rl_reachability_subset_simulated": "[1.0, 1.0, 1.0, 1.0, 1.0, 1.0, 1.0]",
    "average_extracted_fsc_return_subset_simulated": "[-362.00458, -305.85233, -200.25569, -142.3137, -103.477585, -86.80893, -90.77694]",
    "average_extracted_fsc_reachability_subset_simulated": "[1.0, 1.0, 1.0, 1.0, 1.0, 1.0, 1.0]",
    "family_performance": "[461.9655538547658, 410.4056961211405, 311.58259488951103, 238.66337096986135, 198.45049246454002, 211.10014210443492, 179.05471094388855]",
    "available_nodes_in_fsc": "[array([ True,  True,  True,  True,  True,  True,  True,  True,  True]), array([ True,  True,  True,  True,  True,  True,  True,  True,  True,\n        True]), array([ True,  True,  True,  True,  True,  True,  True,  True,  True,\n        True]), array([ True,  True,  True,  True,  True,  True,  True,  True,  True,\n        True,  True,  True,  True]), array([ True,  True,  True,  True,  True,  True,  True,  True,  True,\n        True,  True,  True,  True,  True]), array([ True,  True,  True,  True,  True,  True,  True,  True,  True,\n        True]), array([ True,  True,  True,  True,  True,  True,  True,  True,  True,\n        True,  True,  True])]",
    "worst_case_pomdp_values_simulated_rl": "[]",
    "worst_case_pomdp_values_simulated_fsc": "[]",
    "was_worst_case_same_as_simulated": "[]",
    "worst_case_index_rl": "[]",
    "worst_case_index_fsc": "[]",
    "worst_case_index_paynt": "[]",
    "environment_type": "batched_vec_storm",
    "number_of_extraction_trajectories": "[]",
    "extraction_type": "alergia",
    "lstm_width": 32,
    "extraction_less": true,
    "geometric_batched_vec_storm": true,
    "periodic_restarts": false,
    "worst_case_on_subset_rl": "[]",
    "worst_case_on_subset_fsc": "[]",
    "worst_cases_reachability_rl": "[]",
    "worst_cases_reachability_fsc": "[]",
    "period_between_worst_case_evaluation": "5",
    "shrink_and_perturb_activated": "[False, False, False, False, False, False, False]",
    "nr_of_clusters": "[493, 607, 743, 1185, 1449, 1368, 1293]",
    "lstm_extracted_reachability": "[]",
    "lstm_extracted_return": "[]",
    "seed": "45678",
    "initial_time": "1759266153.3468444",
    "rl_training_times": "[571.9001085758209, 962.8577046394348, 1374.9822738170624, 1715.077351808548, 2121.4259481430054, 2580.43555021286, 3057.913476228714]",
    "fsc_extraction_times": "[675.4809610843658, 1067.2118525505066, 1489.592922449112, 1838.9940969944, 2231.6914122104645, 2691.664376974106, 3174.8656299114227]",
    "family_performance_times": "[856.2622811794281, 1251.9083955287933, 1610.0954129695892, 2006.8359451293945, 2473.58114528656, 2943.212209224701, 3330.5805172920227]",
    "worst_case_evaluation_times_rl": "[]",
    "worst_case_evaluation_times_fsc": "[]",
    "lstm_extracted_result_times": "[]",
    "cluster_evaluation_times": "[604.6136336326599, 995.94065284729, 1410.3277781009674, 1749.6212375164032, 2157.278119325638, 2617.2908449172974, 3098.3291585445404]"
}