{
    "number_of_pomdps_in_family": "1",
    "num_training_steps_per_iteration": "301",
    "average_rl_return_subset_simulated": "[51.27913, 94.353355, 109.17099, 77.290726, 58.162388, 33.496307, 19.383455, 16.202333]",
    "average_rl_reachability_subset_simulated": "[1.0, 1.0, 1.0, 1.0, 1.0, 1.0, 1.0, 1.0]",
    "average_extracted_fsc_return_subset_simulated": "[-50.041344, -97.54983, -111.50771, -89.12306, -57.817787, -80.12634, -100.66139, -103.72627]",
    "average_extracted_fsc_reachability_subset_simulated": "[1.0, 1.0, 1.0, 1.0, 1.0, 1.0, 1.0, 1.0]",
    "family_performance": "[133.60092226363176, 135.71482251812853, 125.0006385853572, 97.63319837879168, 98.81364502681103, 109.04349310600166, 111.2244733035469, 108.9723282248317]",
    "available_nodes_in_fsc": "[array([ True,  True,  True,  True,  True,  True,  True,  True,  True,\n        True]), array([ True,  True,  True,  True,  True,  True,  True,  True,  True,\n        True]), array([ True,  True,  True,  True,  True,  True,  True,  True,  True,\n        True]), array([ True,  True,  True,  True,  True,  True,  True,  True,  True,\n        True]), array([ True,  True,  True,  True,  True,  True,  True,  True, False,\n        True]), array([ True,  True,  True,  True,  True,  True, False,  True, False,\n        True]), array([ True, False,  True, False,  True,  True, False, False, False,\n        True]), array([ True, False,  True, False,  True,  True, False, False, False,\n       False])]",
    "worst_case_pomdp_values_simulated_rl": "[]",
    "worst_case_pomdp_values_simulated_fsc": "[]",
    "was_worst_case_same_as_simulated": "[]",
    "worst_case_index_rl": "[]",
    "worst_case_index_fsc": "[]",
    "worst_case_index_paynt": "[]",
    "environment_type": "batched_vec_storm",
    "number_of_extraction_trajectories": "[]",
    "extraction_type": "si-g",
    "lstm_width": 32,
    "extraction_less": false,
    "geometric_batched_vec_storm": true,
    "periodic_restarts": false,
    "worst_case_on_subset_rl": "[]",
    "worst_case_on_subset_fsc": "[]",
    "worst_cases_reachability_rl": "[]",
    "worst_cases_reachability_fsc": "[]",
    "period_between_worst_case_evaluation": "5",
    "shrink_and_perturb_activated": "[False, False, False, False, False, False, False, False]",
    "nr_of_clusters": "[493, 570, 653, 893, 1187, 1322, 1124, 936]",
    "lstm_extracted_reachability": "[]",
    "lstm_extracted_return": "[]",
    "seed": "45678",
    "initial_time": "1759152525.54531",
    "rl_training_times": "[567.9786701202393, 1028.7748274803162, 1450.3171136379242, 1871.4262063503265, 2223.747035741806, 2582.5254831314087, 2936.2149329185486, 3300.953108549118]",
    "fsc_extraction_times": "[797.4099054336548, 1263.0296375751495, 1684.4870221614838, 2106.4467034339905, 2459.9688534736633, 2817.621790409088, 3183.0086555480957, 3531.393599510193]",
    "family_performance_times": "[882.5279009342194, 1306.6740362644196, 1727.2220933437347, 2136.8574471473694, 2473.6948170661926, 2825.419953107834, 3189.3584764003754, 3538.752734899521]",
    "worst_case_evaluation_times_rl": "[]",
    "worst_case_evaluation_times_fsc": "[]",
    "lstm_extracted_result_times": "[]",
    "cluster_evaluation_times": "[600.8010056018829, 1062.7981219291687, 1484.654254436493, 1906.0798473358154, 2258.5684628486633, 2617.2094798088074, 2970.4313254356384, 3334.799597978592]"
}