{
    "number_of_pomdps_in_family": "1",
    "num_training_steps_per_iteration": "301",
    "average_rl_return_subset_simulated": "[94.213745, 64.78059, 78.224365, 94.8005, 44.886547, 24.89051, 16.073242]",
    "average_rl_reachability_subset_simulated": "[1.0, 1.0, 1.0, 1.0, 1.0, 1.0, 1.0]",
    "average_extracted_fsc_return_subset_simulated": "[-458.43588, -325.0353, -274.92267, -197.28685, -187.94118, -128.85205, -115.14355]",
    "average_extracted_fsc_reachability_subset_simulated": "[1.0, 1.0, 1.0, 1.0, 1.0, 1.0, 1.0]",
    "family_performance": "[504.9723443101013, 425.17958478914466, 362.2467773314424, 287.47667569544825, 222.3583770502748, 174.20770024922453, 161.5716756452286]",
    "available_nodes_in_fsc": "[array([ True,  True,  True,  True,  True,  True,  True,  True]), array([ True,  True,  True,  True,  True,  True,  True,  True,  True]), array([ True,  True,  True,  True,  True,  True,  True,  True,  True,\n        True]), array([ True,  True,  True,  True,  True,  True,  True,  True,  True]), array([ True,  True,  True,  True,  True,  True,  True,  True,  True,\n        True]), array([ True,  True,  True,  True,  True,  True,  True,  True,  True,\n        True]), array([ True,  True,  True,  True,  True,  True,  True,  True,  True,\n        True,  True,  True])]",
    "worst_case_pomdp_values_simulated_rl": "[]",
    "worst_case_pomdp_values_simulated_fsc": "[]",
    "was_worst_case_same_as_simulated": "[]",
    "worst_case_index_rl": "[]",
    "worst_case_index_fsc": "[]",
    "worst_case_index_paynt": "[]",
    "environment_type": "batched_vec_storm",
    "number_of_extraction_trajectories": "[]",
    "extraction_type": "alergia",
    "lstm_width": 32,
    "extraction_less": true,
    "geometric_batched_vec_storm": true,
    "periodic_restarts": false,
    "worst_case_on_subset_rl": "[]",
    "worst_case_on_subset_fsc": "[]",
    "worst_cases_reachability_rl": "[]",
    "worst_cases_reachability_fsc": "[]",
    "period_between_worst_case_evaluation": "5",
    "shrink_and_perturb_activated": "[False, False, False, False, False, False, False]",
    "nr_of_clusters": "[531, 793, 928, 1074, 1410, 1343, 1077]",
    "lstm_extracted_reachability": "[]",
    "lstm_extracted_return": "[]",
    "seed": "23456",
    "initial_time": "1759229616.3094828",
    "rl_training_times": "[648.7100250720978, 1005.4391293525696, 1487.4763085842133, 1967.2772827148438, 2431.391311645508, 2921.9341111183167, 3309.762472629547]",
    "fsc_extraction_times": "[764.2817893028259, 1131.7138023376465, 1613.4410843849182, 2130.1301414966583, 2566.106734752655, 3051.3085668087006, 3454.5543518066406]",
    "family_performance_times": "[889.7119600772858, 1368.6891434192657, 1796.793953180313, 2304.690309047699, 2795.578907728195, 3166.0353713035583, 3556.264315843582]",
    "worst_case_evaluation_times_rl": "[]",
    "worst_case_evaluation_times_fsc": "[]",
    "lstm_extracted_result_times": "[]",
    "cluster_evaluation_times": "[687.2671272754669, 1045.6844229698181, 1527.3823730945587, 2007.8299980163574, 2472.312656879425, 2962.011356830597, 3356.783632516861]"
}