{
    "number_of_pomdps_in_family": "1",
    "num_training_steps_per_iteration": "301",
    "average_rl_return_subset_simulated": "[81.01268, 92.86078, 71.38921, 46.95118, 24.56736, 18.502329, 16.888214, 16.023779]",
    "average_rl_reachability_subset_simulated": "[1.0, 1.0, 1.0, 1.0, 1.0, 1.0, 1.0, 1.0]",
    "average_extracted_fsc_return_subset_simulated": "[-339.00424, -256.0281, -398.90466, -123.247475, -85.87986, -69.555305, -80.84053, -72.90572]",
    "average_extracted_fsc_reachability_subset_simulated": "[1.0, 1.0, 1.0, 1.0, 1.0, 1.0, 1.0, 1.0]",
    "family_performance": "[437.2794365785457, 344.5489820312621, 580.5935760274261, 178.34295109285162, 177.08370143073424, 163.0207345872258, 149.3698450648025, 140.77897741363904]",
    "available_nodes_in_fsc": "[array([ True,  True,  True,  True,  True,  True,  True,  True,  True,\n        True,  True]), array([ True,  True,  True,  True,  True,  True,  True,  True,  True,\n        True]), array([ True,  True,  True,  True,  True,  True,  True,  True,  True,\n        True,  True]), array([ True,  True,  True,  True,  True,  True,  True,  True,  True]), array([ True,  True,  True,  True,  True,  True,  True,  True,  True,\n        True,  True,  True]), array([ True,  True,  True,  True,  True,  True,  True,  True,  True,\n        True,  True,  True,  True,  True,  True]), array([ True,  True,  True,  True,  True,  True,  True,  True,  True,\n        True,  True,  True]), array([ True,  True,  True,  True,  True,  True,  True,  True,  True,\n        True,  True,  True])]",
    "worst_case_pomdp_values_simulated_rl": "[]",
    "worst_case_pomdp_values_simulated_fsc": "[]",
    "was_worst_case_same_as_simulated": "[]",
    "worst_case_index_rl": "[]",
    "worst_case_index_fsc": "[]",
    "worst_case_index_paynt": "[]",
    "environment_type": "batched_vec_storm",
    "number_of_extraction_trajectories": "[]",
    "extraction_type": "alergia",
    "lstm_width": 32,
    "extraction_less": true,
    "geometric_batched_vec_storm": true,
    "periodic_restarts": false,
    "worst_case_on_subset_rl": "[]",
    "worst_case_on_subset_fsc": "[]",
    "worst_cases_reachability_rl": "[]",
    "worst_cases_reachability_fsc": "[]",
    "period_between_worst_case_evaluation": "5",
    "shrink_and_perturb_activated": "[False, False, False, False, False, False, False, False]",
    "nr_of_clusters": "[629, 777, 1162, 1334, 1284, 1164, 1003, 958]",
    "lstm_extracted_reachability": "[]",
    "lstm_extracted_return": "[]",
    "seed": "56789",
    "initial_time": "1759240428.099302",
    "rl_training_times": "[576.8342127799988, 962.3826770782471, 1322.4209580421448, 1820.702374458313, 2235.9015169143677, 2585.2797541618347, 2960.22665476799, 3317.5369369983673]",
    "fsc_extraction_times": "[688.4717676639557, 1080.887102842331, 1445.7960348129272, 1938.6244621276855, 2350.527847290039, 2698.269424200058, 3077.7019646167755, 3428.6880791187286]",
    "family_performance_times": "[850.0413725376129, 1217.85582447052, 1704.6628291606903, 2130.8314111232758, 2491.650080680847, 2820.8703541755676, 3208.7703080177307, 3495.7064459323883]",
    "worst_case_evaluation_times_rl": "[]",
    "worst_case_evaluation_times_fsc": "[]",
    "lstm_extracted_result_times": "[]",
    "cluster_evaluation_times": "[613.0583324432373, 1004.0099172592163, 1363.614033460617, 1859.855661869049, 2273.448724269867, 2622.9250440597534, 3000.5621354579926, 3353.9732537269592]"
}