{
    "number_of_pomdps_in_family": "1",
    "num_training_steps_per_iteration": "301",
    "average_rl_return_subset_simulated": "[81.01268, 103.842545, 88.54368, 30.387766, 19.518564, 15.235014, 15.418035, 15.729425]",
    "average_rl_reachability_subset_simulated": "[1.0, 1.0, 1.0, 1.0, 1.0, 1.0, 1.0, 1.0]",
    "average_extracted_fsc_return_subset_simulated": "[-78.56268, -108.825645, -116.862724, -83.529434, -87.39776, -90.94429, -91.47824, -100.17096]",
    "average_extracted_fsc_reachability_subset_simulated": "[1.0, 1.0, 1.0, 1.0, 1.0, 1.0, 1.0, 1.0]",
    "family_performance": "[129.03600682591463, 134.08241070403642, 126.54356197171214, 94.22977440331708, 93.4210831157301, 92.90793296932553, 92.15728594791656, 99.92612430710514]",
    "available_nodes_in_fsc": "[array([ True,  True,  True,  True,  True,  True,  True,  True,  True,\n        True]), array([ True,  True,  True,  True,  True,  True,  True,  True,  True,\n        True]), array([ True,  True,  True,  True,  True,  True,  True,  True,  True,\n        True]), array([ True,  True,  True,  True,  True,  True,  True,  True,  True,\n       False]), array([ True, False,  True,  True, False, False,  True, False,  True,\n       False]), array([ True, False,  True, False, False, False,  True, False,  True,\n       False]), array([ True, False,  True,  True, False, False,  True, False,  True,\n       False]), array([ True,  True,  True,  True, False, False,  True, False,  True,\n       False])]",
    "worst_case_pomdp_values_simulated_rl": "[]",
    "worst_case_pomdp_values_simulated_fsc": "[]",
    "was_worst_case_same_as_simulated": "[]",
    "worst_case_index_rl": "[]",
    "worst_case_index_fsc": "[]",
    "worst_case_index_paynt": "[]",
    "environment_type": "batched_vec_storm",
    "number_of_extraction_trajectories": "[]",
    "extraction_type": "si-g",
    "lstm_width": 32,
    "extraction_less": false,
    "geometric_batched_vec_storm": true,
    "periodic_restarts": false,
    "worst_case_on_subset_rl": "[]",
    "worst_case_on_subset_fsc": "[]",
    "worst_cases_reachability_rl": "[]",
    "worst_cases_reachability_fsc": "[]",
    "period_between_worst_case_evaluation": "5",
    "shrink_and_perturb_activated": "[False, False, False, False, False, False, False, False]",
    "nr_of_clusters": "[629, 777, 1242, 1335, 1082, 892, 834, 810]",
    "lstm_extracted_reachability": "[]",
    "lstm_extracted_return": "[]",
    "seed": "56789",
    "initial_time": "1759159732.2043169",
    "rl_training_times": "[537.7906630039215, 1051.4950172901154, 1449.6055450439453, 1799.9135591983795, 2130.317515850067, 2457.2637786865234, 2786.8161425590515, 3120.922909259796]",
    "fsc_extraction_times": "[774.0825805664062, 1296.5984835624695, 1683.5716633796692, 2035.3274884223938, 2364.2288069725037, 2692.3382484912872, 3026.200272798538, 3354.0794332027435]",
    "family_performance_times": "[932.6932182312012, 1347.1495790481567, 1699.035829782486, 2041.7572190761566, 2369.520308494568, 2697.7295928001404, 3031.1318185329437, 3359.436716079712]",
    "worst_case_evaluation_times_rl": "[]",
    "worst_case_evaluation_times_fsc": "[]",
    "lstm_extracted_result_times": "[]",
    "cluster_evaluation_times": "[571.9760544300079, 1092.7108614444733, 1484.5460669994354, 1833.7453033924103, 2164.336513519287, 2491.0996656417847, 2820.9413189888, 3154.4902379512787]"
}