{
    "number_of_pomdps_in_family": "1",
    "num_training_steps_per_iteration": "301",
    "average_rl_return_subset_simulated": "[67.25198, 109.443, 112.33443, 45.30707, 25.05185, 18.404064, 15.74667, 15.303987]",
    "average_rl_reachability_subset_simulated": "[1.0, 1.0, 1.0, 1.0, 1.0, 1.0, 1.0, 1.0]",
    "average_extracted_fsc_return_subset_simulated": "[-65.34408, -108.89047, -132.16434, -121.33634, -107.36348, -84.83394, -92.69711, -96.07542]",
    "average_extracted_fsc_reachability_subset_simulated": "[1.0, 1.0, 1.0, 1.0, 1.0, 1.0, 1.0, 1.0]",
    "family_performance": "[134.85891892309303, 155.1197671196701, 151.20697234402905, 126.5550953429996, 108.45515227351243, 94.73663223990796, 95.78005067576846, 96.86921518478518]",
    "available_nodes_in_fsc": "[array([ True,  True,  True,  True,  True,  True,  True,  True,  True,\n        True]), array([ True, False, False,  True, False, False,  True, False, False,\n        True]), array([ True, False, False, False, False, False, False, False, False,\n        True]), array([ True, False, False, False, False, False, False, False, False,\n        True]), array([ True, False, False, False, False, False, False, False, False,\n        True]), array([ True, False, False, False, False, False, False, False, False,\n        True]), array([ True, False, False, False, False, False, False, False, False,\n        True]), array([ True, False, False, False, False, False, False, False, False,\n        True])]",
    "worst_case_pomdp_values_simulated_rl": "[]",
    "worst_case_pomdp_values_simulated_fsc": "[]",
    "was_worst_case_same_as_simulated": "[]",
    "worst_case_index_rl": "[]",
    "worst_case_index_fsc": "[]",
    "worst_case_index_paynt": "[]",
    "environment_type": "batched_vec_storm",
    "number_of_extraction_trajectories": "[]",
    "extraction_type": "si-g",
    "lstm_width": 32,
    "extraction_less": false,
    "geometric_batched_vec_storm": true,
    "periodic_restarts": false,
    "worst_case_on_subset_rl": "[]",
    "worst_case_on_subset_fsc": "[]",
    "worst_cases_reachability_rl": "[]",
    "worst_cases_reachability_fsc": "[]",
    "period_between_worst_case_evaluation": "5",
    "shrink_and_perturb_activated": "[False, False, False, False, False, False, False, False]",
    "nr_of_clusters": "[622, 763, 891, 1296, 1374, 1235, 990, 860]",
    "lstm_extracted_reachability": "[]",
    "lstm_extracted_return": "[]",
    "seed": "34567",
    "initial_time": "1759145320.6161683",
    "rl_training_times": "[554.7933280467987, 1171.9012598991394, 1530.8000104427338, 1885.9549224376678, 2226.5617401599884, 2561.025092124939, 2888.125474214554, 3210.3322904109955]",
    "fsc_extraction_times": "[782.515150308609, 1406.0032184123993, 1762.858943939209, 2119.8679378032684, 2455.8627984523773, 2794.7750940322876, 3117.446566581726, 3443.448605775833]",
    "family_performance_times": "[1063.7952160835266, 1430.6199510097504, 1786.275556087494, 2127.2936697006226, 2461.068691968918, 2799.7444863319397, 3122.470031261444, 3444.0273571014404]",
    "worst_case_evaluation_times_rl": "[]",
    "worst_case_evaluation_times_fsc": "[]",
    "lstm_extracted_result_times": "[]",
    "cluster_evaluation_times": "[587.4939115047455, 1208.3497278690338, 1564.9720056056976, 1920.2349693775177, 2259.72323179245, 2594.5290310382843, 2922.2520337104797, 3243.7450773715973]"
}