{
    "number_of_pomdps_in_family": "1",
    "num_training_steps_per_iteration": "301",
    "average_rl_return_subset_simulated": "[81.01268, 92.86078, 71.38921, 46.95118, 24.56736, 18.502329, 16.888214, 16.023779, 21.283062]",
    "average_rl_reachability_subset_simulated": "[1.0, 1.0, 1.0, 1.0, 1.0, 1.0, 1.0, 1.0, 1.0]",
    "average_extracted_fsc_return_subset_simulated": "[-339.00424, -256.0281, -398.90466, -123.247475, -85.87986, -69.555305, -80.84053, -72.90572, -65.57745]",
    "average_extracted_fsc_reachability_subset_simulated": "[1.0, 1.0, 1.0, 1.0, 1.0, 1.0, 1.0, 1.0, 1.0]",
    "family_performance": "[437.2794365785457, 344.5489820312621, 580.5935760274261, 178.34295109285162, 177.08370143073424, 163.0207345872258, 149.3698450648025, 140.77897741363904, 156.77343133702823]",
    "available_nodes_in_fsc": "[array([ True,  True,  True,  True,  True,  True,  True,  True,  True,\n        True,  True]), array([ True,  True,  True,  True,  True,  True,  True,  True,  True,\n        True]), array([ True,  True,  True,  True,  True,  True,  True,  True,  True,\n        True,  True]), array([ True,  True,  True,  True,  True,  True,  True,  True,  True]), array([ True,  True,  True,  True,  True,  True,  True,  True,  True,\n        True,  True,  True]), array([ True,  True,  True,  True,  True,  True,  True,  True,  True,\n        True,  True,  True,  True,  True,  True]), array([ True,  True,  True,  True,  True,  True,  True,  True,  True,\n        True,  True,  True]), array([ True,  True,  True,  True,  True,  True,  True,  True,  True,\n        True,  True,  True]), array([ True,  True,  True,  True,  True,  True,  True,  True,  True,\n        True,  True])]",
    "worst_case_pomdp_values_simulated_rl": "[]",
    "worst_case_pomdp_values_simulated_fsc": "[]",
    "was_worst_case_same_as_simulated": "[]",
    "worst_case_index_rl": "[]",
    "worst_case_index_fsc": "[]",
    "worst_case_index_paynt": "[]",
    "environment_type": "batched_vec_storm",
    "number_of_extraction_trajectories": "[]",
    "extraction_type": "alergia",
    "lstm_width": 32,
    "extraction_less": true,
    "geometric_batched_vec_storm": true,
    "periodic_restarts": false,
    "worst_case_on_subset_rl": "[]",
    "worst_case_on_subset_fsc": "[]",
    "worst_cases_reachability_rl": "[]",
    "worst_cases_reachability_fsc": "[]",
    "period_between_worst_case_evaluation": "5",
    "shrink_and_perturb_activated": "[False, False, False, False, False, False, False, False, False]",
    "nr_of_clusters": "[629, 777, 1162, 1334, 1284, 1164, 1003, 958, 958]",
    "lstm_extracted_reachability": "[]",
    "lstm_extracted_return": "[]",
    "seed": "56789",
    "initial_time": "1759269756.9443505",
    "rl_training_times": "[532.7111239433289, 886.3102161884308, 1211.0942578315735, 1666.3581807613373, 2034.4148132801056, 2373.237286090851, 2739.146935939789, 3084.765361070633, 3366.3105750083923]",
    "fsc_extraction_times": "[636.4558691978455, 990.4746944904327, 1317.5760688781738, 1775.068281173706, 2141.7496848106384, 2481.0004665851593, 2851.8508014678955, 3191.1509552001953, 3472.599308013916]",
    "family_performance_times": "[788.4883415699005, 1116.4456088542938, 1561.31143784523, 1936.7098379135132, 2285.975447177887, 2603.1686906814575, 2979.7305862903595, 3257.648989915848, 3524.486755847931]",
    "worst_case_evaluation_times_rl": "[]",
    "worst_case_evaluation_times_fsc": "[]",
    "lstm_extracted_result_times": "[]",
    "cluster_evaluation_times": "[565.7027728557587, 919.4794321060181, 1245.7120735645294, 1701.2638812065125, 2069.296996831894, 2407.968658924103, 2777.59743142128, 3119.307815551758, 3401.351478099823]"
}