{
    "number_of_pomdps_in_family": "1",
    "num_training_steps_per_iteration": "301",
    "average_rl_return_subset_simulated": "[93.85091, 114.87308, 131.32956, 113.186806, 57.42557, 27.120462, 16.486553, 15.68326, 13.274909]",
    "average_rl_reachability_subset_simulated": "[1.0, 1.0, 1.0, 1.0, 1.0, 1.0, 1.0, 1.0, 1.0]",
    "average_extracted_fsc_return_subset_simulated": "[-87.10901, -118.77414, -144.70338, -148.53232, -104.34266, -107.423225, -89.67575, -96.57781, -96.484184]",
    "average_extracted_fsc_reachability_subset_simulated": "[1.0, 1.0, 1.0, 1.0, 1.0, 1.0, 1.0, 1.0, 1.0]",
    "family_performance": "[132.5294024584279, 149.50765323471444, 157.6643495162782, 154.08436288696194, 104.08505515555264, 108.47189475690875, 95.00678271997066, 98.25638125195312, 98.18957420497692]",
    "available_nodes_in_fsc": "[array([ True,  True,  True,  True,  True,  True,  True,  True,  True,\n        True]), array([ True,  True,  True,  True,  True,  True,  True,  True,  True,\n        True]), array([ True,  True,  True,  True,  True,  True,  True,  True,  True,\n        True]), array([ True,  True,  True,  True, False,  True,  True,  True,  True,\n        True]), array([ True, False,  True,  True,  True,  True,  True, False, False,\n       False]), array([ True, False, False, False, False, False,  True, False, False,\n       False]), array([ True, False, False, False, False, False,  True, False, False,\n       False]), array([ True, False, False, False, False, False,  True, False, False,\n       False]), array([ True, False, False, False, False, False,  True, False, False,\n       False])]",
    "worst_case_pomdp_values_simulated_rl": "[]",
    "worst_case_pomdp_values_simulated_fsc": "[]",
    "was_worst_case_same_as_simulated": "[]",
    "worst_case_index_rl": "[]",
    "worst_case_index_fsc": "[]",
    "worst_case_index_paynt": "[]",
    "environment_type": "batched_vec_storm",
    "number_of_extraction_trajectories": "[]",
    "extraction_type": "si-g",
    "lstm_width": 32,
    "extraction_less": false,
    "geometric_batched_vec_storm": true,
    "periodic_restarts": false,
    "worst_case_on_subset_rl": "[]",
    "worst_case_on_subset_fsc": "[]",
    "worst_cases_reachability_rl": "[]",
    "worst_cases_reachability_fsc": "[]",
    "period_between_worst_case_evaluation": "5",
    "shrink_and_perturb_activated": "[False, False, False, False, False, False, False, False, False]",
    "nr_of_clusters": "[531, 795, 925, 1137, 1304, 1375, 1072, 922, 772]",
    "lstm_extracted_reachability": "[]",
    "lstm_extracted_return": "[]",
    "seed": "23456",
    "initial_time": "1759138116.2158103",
    "rl_training_times": "[575.7971405982971, 957.1896545886993, 1325.3326065540314, 1678.1765131950378, 2016.5627660751343, 2348.2072875499725, 2680.9240686893463, 3005.6969559192657, 3332.1366777420044]",
    "fsc_extraction_times": "[801.0916202068329, 1179.4468910694122, 1548.8626458644867, 1904.3803503513336, 2241.347772359848, 2574.813299179077, 2912.4739050865173, 3233.5706486701965, 3560.8098299503326]",
    "family_performance_times": "[857.5583565235138, 1226.9869973659515, 1580.3072781562805, 1917.2718725204468, 2247.6202132701874, 2580.664473772049, 2917.9001758098602, 3239.8421251773834, 3567.5930898189545]",
    "worst_case_evaluation_times_rl": "[]",
    "worst_case_evaluation_times_fsc": "[]",
    "lstm_extracted_result_times": "[]",
    "cluster_evaluation_times": "[608.4902155399323, 989.3137753009796, 1358.0482077598572, 1711.1506803035736, 2049.2066073417664, 2381.118982076645, 2714.008321046829, 3038.625135421753, 3365.50332903862]"
}