{
    "number_of_pomdps_in_family": "1",
    "num_training_steps_per_iteration": "301",
    "average_rl_return_subset_simulated": "[51.27913, 80.33873, 113.012276]",
    "average_rl_reachability_subset_simulated": "[1.0, 1.0, 1.0]",
    "average_extracted_fsc_return_subset_simulated": "[-62.231285, -83.871155, -91.52138]",
    "average_extracted_fsc_reachability_subset_simulated": "[1.0, 1.0, 1.0]",
    "family_performance": "[105.70055715006322, 103.84116982997053, 100.71045243390881]",
    "available_nodes_in_fsc": "[array([ True,  True]), array([ True,  True]), array([ True,  True])]",
    "worst_case_pomdp_values_simulated_rl": "[]",
    "worst_case_pomdp_values_simulated_fsc": "[]",
    "was_worst_case_same_as_simulated": "[]",
    "worst_case_index_rl": "[]",
    "worst_case_index_fsc": "[]",
    "worst_case_index_paynt": "[]",
    "environment_type": "batched_vec_storm",
    "number_of_extraction_trajectories": "[]",
    "extraction_type": "bottleneck",
    "lstm_width": 32,
    "extraction_less": false,
    "geometric_batched_vec_storm": true,
    "periodic_restarts": false,
    "worst_case_on_subset_rl": "[]",
    "worst_case_on_subset_fsc": "[]",
    "worst_cases_reachability_rl": "[]",
    "worst_cases_reachability_fsc": "[]",
    "period_between_worst_case_evaluation": "5",
    "shrink_and_perturb_activated": "[False, False, False]",
    "nr_of_clusters": "[493, 597, 760]",
    "lstm_extracted_reachability": "[]",
    "lstm_extracted_return": "[]",
    "seed": "45678",
    "initial_time": "1759176706.6073325",
    "rl_training_times": "[557.2676677703857, 764.7524721622467, 1038.0589928627014]",
    "fsc_extraction_times": "[670.6947984695435, 873.0307376384735, 1147.6366362571716]",
    "family_performance_times": "[683.6667444705963, 900.8974850177765, 1162.2517349720001]",
    "worst_case_evaluation_times_rl": "[]",
    "worst_case_evaluation_times_fsc": "[]",
    "lstm_extracted_result_times": "[]",
    "cluster_evaluation_times": "[589.4410970211029, 796.8555274009705, 1070.972734451294]"
}