{
    "number_of_pomdps_in_family": "1",
    "num_training_steps_per_iteration": "301",
    "average_rl_return_subset_simulated": "[94.213745, 64.78059, 78.224365, 94.8005, 44.886547, 24.89051, 16.073242, 20.287243]",
    "average_rl_reachability_subset_simulated": "[1.0, 1.0, 1.0, 1.0, 1.0, 1.0, 1.0, 1.0]",
    "average_extracted_fsc_return_subset_simulated": "[-458.43588, -325.0353, -274.92267, -197.28685, -187.94118, -128.85205, -115.14355, -120.86391]",
    "average_extracted_fsc_reachability_subset_simulated": "[1.0, 1.0, 1.0, 1.0, 1.0, 1.0, 1.0, 1.0]",
    "family_performance": "[504.9723443101013, 425.17958478914466, 362.2467773314424, 287.47667569544825, 222.3583770502748, 174.20770024922453, 161.5716756452286, 155.56538114105754]",
    "available_nodes_in_fsc": "[array([ True,  True,  True,  True,  True,  True,  True,  True]), array([ True,  True,  True,  True,  True,  True,  True,  True,  True]), array([ True,  True,  True,  True,  True,  True,  True,  True,  True,\n        True]), array([ True,  True,  True,  True,  True,  True,  True,  True,  True]), array([ True,  True,  True,  True,  True,  True,  True,  True,  True,\n        True]), array([ True,  True,  True,  True,  True,  True,  True,  True,  True,\n        True]), array([ True,  True,  True,  True,  True,  True,  True,  True,  True,\n        True,  True,  True]), array([ True,  True,  True,  True,  True,  True,  True,  True,  True,\n        True,  True,  True])]",
    "worst_case_pomdp_values_simulated_rl": "[]",
    "worst_case_pomdp_values_simulated_fsc": "[]",
    "was_worst_case_same_as_simulated": "[]",
    "worst_case_index_rl": "[]",
    "worst_case_index_fsc": "[]",
    "worst_case_index_paynt": "[]",
    "environment_type": "batched_vec_storm",
    "number_of_extraction_trajectories": "[]",
    "extraction_type": "alergia",
    "lstm_width": 32,
    "extraction_less": true,
    "geometric_batched_vec_storm": true,
    "periodic_restarts": false,
    "worst_case_on_subset_rl": "[]",
    "worst_case_on_subset_fsc": "[]",
    "worst_cases_reachability_rl": "[]",
    "worst_cases_reachability_fsc": "[]",
    "period_between_worst_case_evaluation": "5",
    "shrink_and_perturb_activated": "[False, False, False, False, False, False, False, False]",
    "nr_of_clusters": "[531, 793, 928, 1074, 1410, 1343, 1077, 1047]",
    "lstm_extracted_reachability": "[]",
    "lstm_extracted_return": "[]",
    "seed": "23456",
    "initial_time": "1759258948.7531183",
    "rl_training_times": "[587.6465361118317, 905.667014837265, 1346.7177193164825, 1761.234135389328, 2133.2437682151794, 2524.374739408493, 2834.9590961933136, 3143.3212876319885]",
    "fsc_extraction_times": "[693.1323850154877, 1011.0285725593567, 1460.0210301876068, 1887.3681919574738, 2245.0739526748657, 2636.229514837265, 2948.8206446170807, 3251.439199924469]",
    "family_performance_times": "[806.2469053268433, 1233.4996638298035, 1617.6515142917633, 2034.258900642395, 2413.5706763267517, 2710.166236639023, 3032.9947805404663, 3310.8004851341248]",
    "worst_case_evaluation_times_rl": "[]",
    "worst_case_evaluation_times_fsc": "[]",
    "lstm_extracted_result_times": "[]",
    "cluster_evaluation_times": "[621.7553036212921, 939.6549265384674, 1382.5453798770905, 1796.2939341068268, 2168.96448636055, 2560.7693989276886, 2873.493895292282, 3178.3041014671326]"
}