{
    "number_of_pomdps_in_family": "1",
    "num_training_steps_per_iteration": "301",
    "average_rl_return_subset_simulated": "[63.606155, 58.71329, 79.08229, 55.41819, 26.233185, 17.1532, 42.815357, 25.73664]",
    "average_rl_reachability_subset_simulated": "[1.0, 1.0, 1.0, 1.0, 1.0, 1.0, 1.0, 1.0]",
    "average_extracted_fsc_return_subset_simulated": "[-408.78488, -336.92093, -240.5502, -164.61209, -145.08665, -157.7318, -81.72279, -75.153145]",
    "average_extracted_fsc_reachability_subset_simulated": "[1.0, 1.0, 1.0, 1.0, 1.0, 1.0, 1.0, 1.0]",
    "family_performance": "[485.8572943673512, 405.9464786617169, 321.69081060175034, 247.92371548550915, 223.80513113196432, 290.8076293900618, 194.79583752160818, 185.15666391997345]",
    "available_nodes_in_fsc": "[array([ True,  True,  True,  True,  True,  True,  True,  True,  True,\n        True,  True]), array([ True,  True,  True,  True,  True,  True,  True,  True,  True,\n        True,  True,  True]), array([ True,  True,  True,  True,  True,  True,  True,  True,  True,\n        True,  True,  True,  True]), array([ True,  True,  True,  True,  True,  True,  True,  True,  True,\n        True,  True,  True]), array([ True,  True,  True,  True,  True,  True,  True,  True]), array([ True,  True,  True,  True,  True,  True,  True,  True,  True,\n        True]), array([ True,  True,  True,  True,  True,  True,  True,  True,  True,\n        True,  True]), array([ True,  True,  True,  True,  True,  True,  True,  True,  True,\n        True,  True])]",
    "worst_case_pomdp_values_simulated_rl": "[]",
    "worst_case_pomdp_values_simulated_fsc": "[]",
    "was_worst_case_same_as_simulated": "[]",
    "worst_case_index_rl": "[]",
    "worst_case_index_fsc": "[]",
    "worst_case_index_paynt": "[]",
    "environment_type": "batched_vec_storm",
    "number_of_extraction_trajectories": "[]",
    "extraction_type": "alergia",
    "lstm_width": 32,
    "extraction_less": true,
    "geometric_batched_vec_storm": true,
    "periodic_restarts": false,
    "worst_case_on_subset_rl": "[]",
    "worst_case_on_subset_fsc": "[]",
    "worst_cases_reachability_rl": "[]",
    "worst_cases_reachability_fsc": "[]",
    "period_between_worst_case_evaluation": "5",
    "shrink_and_perturb_activated": "[False, False, False, False, False, False, False, False]",
    "nr_of_clusters": "[441, 550, 743, 1232, 1378, 1351, 1679, 1355]",
    "lstm_extracted_reachability": "[]",
    "lstm_extracted_return": "[]",
    "seed": "12345",
    "initial_time": "1759255347.2446578",
    "rl_training_times": "[564.5499756336212, 839.6806581020355, 1171.0669467449188, 1573.335312128067, 2106.106809616089, 2506.8046152591705, 2860.75838303566, 3209.8352596759796]",
    "fsc_extraction_times": "[668.296891450882, 947.0663709640503, 1291.034175157547, 1685.3419888019562, 2219.1468200683594, 2619.36554312706, 2975.7439227104187, 3318.6486032009125]",
    "family_performance_times": "[747.4807295799255, 1059.4350578784943, 1461.4049730300903, 2001.1153774261475, 2408.5557544231415, 2755.2916576862335, 3109.342366695404, 3411.8647503852844]",
    "worst_case_evaluation_times_rl": "[]",
    "worst_case_evaluation_times_fsc": "[]",
    "lstm_extracted_result_times": "[]",
    "cluster_evaluation_times": "[597.6154670715332, 874.1398663520813, 1206.3296294212341, 1608.9177677631378, 2141.6446828842163, 2542.1638703346252, 2899.302235364914, 3245.324808359146]"
}