{
    "number_of_pomdps_in_family": "1",
    "num_training_steps_per_iteration": "301",
    "average_rl_return_subset_simulated": "[68.18105, 66.584915, 42.82913, 28.215359, 49.088276, 39.47319, 33.947567, 117.31598]",
    "average_rl_reachability_subset_simulated": "[1.0, 1.0, 1.0, 1.0, 1.0, 1.0, 1.0, 1.0]",
    "average_extracted_fsc_return_subset_simulated": "[-419.8856, -392.3644, -282.1858, -205.1365, -139.14874, -105.222, -106.07539, -158.34085]",
    "average_extracted_fsc_reachability_subset_simulated": "[1.0, 1.0, 1.0, 1.0, 1.0, 1.0, 1.0, 1.0]",
    "family_performance": "[489.2988655615935, 502.258445938702, 334.8194709898445, 273.3052595803133, 240.28601571639743, 231.1930041977623, 224.99946083449305, 204.89265001110533]",
    "available_nodes_in_fsc": "[array([ True,  True,  True,  True,  True,  True,  True,  True]), array([ True,  True,  True,  True,  True,  True,  True,  True,  True,\n        True,  True]), array([ True,  True,  True,  True,  True,  True,  True,  True]), array([ True,  True,  True,  True,  True,  True,  True,  True,  True]), array([ True,  True,  True,  True,  True,  True,  True,  True,  True,\n        True]), array([ True,  True,  True,  True,  True,  True,  True,  True,  True,\n        True]), array([ True,  True,  True,  True,  True,  True,  True,  True,  True]), array([ True,  True,  True,  True,  True,  True,  True,  True])]",
    "worst_case_pomdp_values_simulated_rl": "[]",
    "worst_case_pomdp_values_simulated_fsc": "[]",
    "was_worst_case_same_as_simulated": "[]",
    "worst_case_index_rl": "[]",
    "worst_case_index_fsc": "[]",
    "worst_case_index_paynt": "[]",
    "environment_type": "batched_vec_storm",
    "number_of_extraction_trajectories": "[]",
    "extraction_type": "alergia",
    "lstm_width": 32,
    "extraction_less": true,
    "geometric_batched_vec_storm": true,
    "periodic_restarts": false,
    "worst_case_on_subset_rl": "[]",
    "worst_case_on_subset_fsc": "[]",
    "worst_cases_reachability_rl": "[]",
    "worst_cases_reachability_fsc": "[]",
    "period_between_worst_case_evaluation": "5",
    "shrink_and_perturb_activated": "[False, False, False, False, False, False, False, False]",
    "nr_of_clusters": "[622, 943, 1054, 1336, 1339, 1309, 1088, 1133]",
    "lstm_extracted_reachability": "[]",
    "lstm_extracted_return": "[]",
    "seed": "34567",
    "initial_time": "1759262550.2625616",
    "rl_training_times": "[555.6630480289459, 846.5906269550323, 1598.198133945465, 1930.445728778839, 2270.1704008579254, 2611.774708509445, 2936.8616061210632, 3244.513751268387]",
    "fsc_extraction_times": "[660.0702168941498, 953.4534456729889, 1708.515643119812, 2050.8952312469482, 2391.8617708683014, 2733.7000753879547, 3052.566230535507, 3353.2562391757965]",
    "family_performance_times": "[758.0901420116425, 1493.8950371742249, 1837.5711460113525, 2142.977772474289, 2507.415855884552, 2845.4513914585114, 3133.878356218338, 3437.190118789673]",
    "worst_case_evaluation_times_rl": "[]",
    "worst_case_evaluation_times_fsc": "[]",
    "lstm_extracted_result_times": "[]",
    "cluster_evaluation_times": "[589.0177135467529, 880.1000969409943, 1633.4051835536957, 1965.055166721344, 2305.501532316208, 2647.463297367096, 2976.5658185482025, 3279.3967463970184]"
}