{
    "number_of_pomdps_in_family": "1",
    "num_training_steps_per_iteration": "301",
    "average_rl_return_subset_simulated": "[63.44853, 77.97327, 48.884808, 40.081356, 23.808752, 31.716991, 19.542042, 22.68869, 17.895247, 17.811625, 16.238762]",
    "average_rl_reachability_subset_simulated": "[1.0, 1.0, 1.0, 1.0, 1.0, 1.0, 1.0, 1.0, 1.0, 1.0, 1.0]",
    "average_extracted_fsc_return_subset_simulated": "[-408.78488, -375.86984, -287.0872, -195.80617, -149.77937, -142.64485, -130.22903, -132.60399, -967.0595, -134.91106, -133.76073]",
    "average_extracted_fsc_reachability_subset_simulated": "[1.0, 1.0, 1.0, 1.0, 1.0, 1.0, 1.0, 1.0, 1.0, 1.0, 1.0]",
    "family_performance": "[485.8572943673512, 411.60615239115964, 301.5165743332055, 217.30222951231494, 178.57418740331136, 165.45855984879864, 134.60529296057567, 132.78404003481592, 1112.8653718323762, 135.48283053142467, 135.46664605668903]",
    "available_nodes_in_fsc": "[array([ True,  True,  True,  True,  True,  True,  True,  True,  True,\n        True,  True]), array([ True,  True,  True,  True,  True,  True,  True,  True,  True,\n        True]), array([ True,  True,  True,  True,  True,  True,  True,  True,  True,\n        True,  True,  True]), array([ True,  True,  True,  True,  True,  True,  True,  True,  True,\n        True,  True,  True]), array([ True,  True,  True,  True,  True,  True,  True,  True,  True,\n        True,  True]), array([ True,  True,  True,  True,  True,  True,  True,  True,  True]), array([ True,  True,  True,  True,  True,  True,  True,  True,  True,\n        True,  True,  True,  True,  True,  True,  True]), array([ True,  True,  True,  True,  True,  True,  True,  True,  True,\n        True,  True]), array([ True,  True,  True,  True,  True,  True,  True,  True,  True,\n        True,  True,  True]), array([ True,  True,  True,  True,  True,  True,  True,  True,  True,\n        True,  True]), array([ True,  True,  True,  True,  True,  True,  True,  True,  True,\n        True])]",
    "worst_case_pomdp_values_simulated_rl": "[]",
    "worst_case_pomdp_values_simulated_fsc": "[]",
    "was_worst_case_same_as_simulated": "[]",
    "worst_case_index_rl": "[]",
    "worst_case_index_fsc": "[]",
    "worst_case_index_paynt": "[]",
    "environment_type": "batched_vec_storm",
    "number_of_extraction_trajectories": "[]",
    "extraction_type": "alergia",
    "lstm_width": 32,
    "extraction_less": false,
    "geometric_batched_vec_storm": true,
    "periodic_restarts": false,
    "worst_case_on_subset_rl": "[]",
    "worst_case_on_subset_fsc": "[]",
    "worst_cases_reachability_rl": "[]",
    "worst_cases_reachability_fsc": "[]",
    "period_between_worst_case_evaluation": "5",
    "shrink_and_perturb_activated": "[False, False, False, False, False, False, False, False, False, False, False]",
    "nr_of_clusters": "[441, 553, 899, 1331, 1332, 1419, 948, 852, 762, 723, 691]",
    "lstm_extracted_reachability": "[]",
    "lstm_extracted_return": "[]",
    "seed": "12345",
    "initial_time": "1759134513.7893007",
    "rl_training_times": "[559.0104994773865, 819.0646119117737, 1217.2987172603607, 1520.4824526309967, 1818.9940078258514, 2055.234367132187, 2344.1695034503937, 2608.8532083034515, 2860.8317098617554, 3136.587237596512, 3386.0064840316772]",
    "fsc_extraction_times": "[660.3355572223663, 921.9067733287811, 1328.8866329193115, 1622.0156157016754, 1919.2973034381866, 2155.941781282425, 2448.78946852684, 2708.544109106064, 2960.399619579315, 3236.5569939613342, 3485.010817527771]",
    "family_performance_times": "[739.1625881195068, 1131.0437078475952, 1425.9497802257538, 1716.3200423717499, 1972.4713561534882, 2262.6235325336456, 2527.14120054245, 2770.802114725113, 3054.6265048980713, 3302.977367401123, 3564.8205893039703]",
    "worst_case_evaluation_times_rl": "[]",
    "worst_case_evaluation_times_fsc": "[]",
    "lstm_extracted_result_times": "[]",
    "cluster_evaluation_times": "[591.3205795288086, 851.6111128330231, 1251.1846730709076, 1553.6838886737823, 1852.0318858623505, 2089.019019842148, 2378.507956266403, 2642.1217980384827, 2893.781327486038, 3169.55282664299, 3418.9172129631042]"
}