{
    "number_of_pomdps_in_family": "1",
    "num_training_steps_per_iteration": "301",
    "average_rl_return_subset_simulated": "[81.01268, 57.697445, 32.78678, 43.455887, 19.953865, 18.481016, 17.597963, 19.405367, 20.373514, 20.054518]",
    "average_rl_reachability_subset_simulated": "[1.0, 1.0, 1.0, 1.0, 1.0, 1.0, 1.0, 1.0, 1.0, 1.0]",
    "average_extracted_fsc_return_subset_simulated": "[-339.00424, -295.72372, -223.01118, -149.45001, -2128.6577, -2329.2131, -106.22754, -174.00887, -121.69866, -165.71439]",
    "average_extracted_fsc_reachability_subset_simulated": "[1.0, 1.0, 1.0, 1.0, 1.0, 1.0, 1.0, 1.0, 1.0, 1.0]",
    "family_performance": "[437.2794365785457, 335.48693545666123, 248.46440540800035, 170.27254717624734, 2123.870154183934, 2326.423041785777, 121.98164278393729, 202.81617720821518, 136.94905148062307, 257.40320618687156]",
    "available_nodes_in_fsc": "[array([ True,  True,  True,  True,  True,  True,  True,  True,  True,\n        True,  True]), array([ True,  True,  True,  True,  True,  True,  True,  True,  True]), array([ True,  True,  True,  True,  True,  True,  True,  True]), array([ True,  True,  True,  True,  True,  True,  True,  True,  True,\n        True]), array([ True,  True,  True,  True,  True,  True,  True,  True,  True,\n        True,  True]), array([ True,  True,  True,  True,  True,  True,  True,  True,  True]), array([ True,  True,  True,  True,  True,  True,  True,  True]), array([ True,  True,  True,  True,  True,  True,  True,  True,  True]), array([ True,  True,  True,  True,  True,  True,  True,  True]), array([ True,  True,  True,  True,  True,  True,  True,  True])]",
    "worst_case_pomdp_values_simulated_rl": "[]",
    "worst_case_pomdp_values_simulated_fsc": "[]",
    "was_worst_case_same_as_simulated": "[]",
    "worst_case_index_rl": "[]",
    "worst_case_index_fsc": "[]",
    "worst_case_index_paynt": "[]",
    "environment_type": "batched_vec_storm",
    "number_of_extraction_trajectories": "[]",
    "extraction_type": "alergia",
    "lstm_width": 32,
    "extraction_less": false,
    "geometric_batched_vec_storm": true,
    "periodic_restarts": false,
    "worst_case_on_subset_rl": "[]",
    "worst_case_on_subset_fsc": "[]",
    "worst_cases_reachability_rl": "[]",
    "worst_cases_reachability_fsc": "[]",
    "period_between_worst_case_evaluation": "5",
    "shrink_and_perturb_activated": "[False, False, False, False, False, False, False, False, False, False]",
    "nr_of_clusters": "[629, 850, 1302, 1357, 1053, 899, 849, 777, 754, 745]",
    "lstm_extracted_reachability": "[]",
    "lstm_extracted_return": "[]",
    "seed": "56789",
    "initial_time": "1759163332.4485412",
    "rl_training_times": "[517.2632858753204, 850.0139102935791, 1217.8284423351288, 1502.9170424938202, 1791.3782424926758, 2173.3680431842804, 2501.976696252823, 2740.7100083827972, 2972.6185393333435, 3218.0128121376038]",
    "fsc_extraction_times": "[618.1932418346405, 950.7478067874908, 1340.527023077011, 1605.1816387176514, 1893.3993961811066, 2275.409646511078, 2603.6566762924194, 2840.923398733139, 3072.6157746315002, 3317.707956790924]",
    "family_performance_times": "[769.9433028697968, 1129.212898015976, 1402.7447335720062, 1690.091638326645, 2080.5066034793854, 2408.868331193924, 2659.3857781887054, 2890.8697559833527, 3129.928096294403, 3388.514857530594]",
    "worst_case_evaluation_times_rl": "[]",
    "worst_case_evaluation_times_fsc": "[]",
    "lstm_extracted_result_times": "[]",
    "cluster_evaluation_times": "[549.6151509284973, 882.4377274513245, 1252.3759047985077, 1537.2895963191986, 1825.7305784225464, 2207.7658264636993, 2536.426861524582, 2773.9902806282043, 3005.8658311367035, 3251.8805091381073]"
}