{
    "number_of_pomdps_in_family": "1",
    "num_training_steps_per_iteration": "301",
    "average_rl_return_subset_simulated": "[51.27913, 76.25495, 78.368385, 43.532692, 39.261204, 30.413166, 20.638603, 18.053415, 17.76026]",
    "average_rl_reachability_subset_simulated": "[1.0, 1.0, 1.0, 1.0, 1.0, 1.0, 1.0, 1.0, 1.0]",
    "average_extracted_fsc_return_subset_simulated": "[-362.00458, -366.72943, -297.31943, -193.41919, -152.62686, -128.79747, -131.17682, -129.1498, -135.89362]",
    "average_extracted_fsc_reachability_subset_simulated": "[1.0, 1.0, 1.0, 1.0, 1.0, 1.0, 1.0, 1.0, 1.0]",
    "family_performance": "[461.9655538547658, 420.04678793399637, 311.21598099847057, 223.71218482075855, 184.0855690238463, 141.7037749546201, 159.1346158314633, 132.46505473029342, 138.06312432236857]",
    "available_nodes_in_fsc": "[array([ True,  True,  True,  True,  True,  True,  True,  True,  True]), array([ True,  True,  True,  True,  True,  True,  True,  True,  True]), array([ True,  True,  True,  True,  True,  True,  True,  True,  True]), array([ True,  True,  True,  True,  True,  True,  True,  True,  True,\n        True,  True]), array([ True,  True,  True,  True,  True,  True,  True,  True,  True,\n        True]), array([ True,  True,  True,  True,  True,  True,  True,  True,  True,\n        True,  True,  True]), array([ True,  True,  True,  True,  True,  True]), array([ True,  True,  True,  True,  True,  True,  True,  True,  True,\n        True,  True,  True]), array([ True,  True,  True,  True,  True,  True,  True,  True,  True,\n        True,  True,  True,  True])]",
    "worst_case_pomdp_values_simulated_rl": "[]",
    "worst_case_pomdp_values_simulated_fsc": "[]",
    "was_worst_case_same_as_simulated": "[]",
    "worst_case_index_rl": "[]",
    "worst_case_index_fsc": "[]",
    "worst_case_index_paynt": "[]",
    "environment_type": "batched_vec_storm",
    "number_of_extraction_trajectories": "[]",
    "extraction_type": "alergia",
    "lstm_width": 32,
    "extraction_less": false,
    "geometric_batched_vec_storm": true,
    "periodic_restarts": false,
    "worst_case_on_subset_rl": "[]",
    "worst_case_on_subset_fsc": "[]",
    "worst_cases_reachability_rl": "[]",
    "worst_cases_reachability_fsc": "[]",
    "period_between_worst_case_evaluation": "5",
    "shrink_and_perturb_activated": "[False, False, False, False, False, False, False, False, False]",
    "nr_of_clusters": "[493, 594, 797, 1358, 1286, 1194, 965, 843, 738]",
    "lstm_extracted_reachability": "[]",
    "lstm_extracted_return": "[]",
    "seed": "45678",
    "initial_time": "1759156126.8461409",
    "rl_training_times": "[561.6487584114075, 928.6871662139893, 1447.3442268371582, 1850.0318474769592, 2216.732776403427, 2522.3185606002808, 2784.67125248909, 3057.860472679138, 3345.0432155132294]",
    "fsc_extraction_times": "[663.0850629806519, 1032.6886575222015, 1553.8587896823883, 1952.7618136405945, 2335.753527402878, 2624.812174797058, 2891.609163045883, 3164.6908733844757, 3447.874514102936]",
    "family_performance_times": "[846.1132016181946, 1356.3307664394379, 1765.268930196762, 2109.856348991394, 2440.255843400955, 2702.579563856125, 2961.529247522354, 3260.522030353546, 3531.6588249206543]",
    "worst_case_evaluation_times_rl": "[]",
    "worst_case_evaluation_times_fsc": "[]",
    "lstm_extracted_result_times": "[]",
    "cluster_evaluation_times": "[594.1325831413269, 961.8375170230865, 1481.2508673667908, 1883.7695722579956, 2251.2204592227936, 2556.6107048988342, 2822.170189857483, 3092.8962936401367, 3379.740424633026]"
}