{
    "number_of_pomdps_in_family": "1",
    "num_training_steps_per_iteration": "301",
    "average_rl_return_subset_simulated": "[63.44853, 104.796295, 106.7477, 73.13215, 47.942432, 28.357723, 48.12369]",
    "average_rl_reachability_subset_simulated": "[1.0, 1.0, 1.0, 1.0, 1.0, 1.0, 1.0]",
    "average_extracted_fsc_return_subset_simulated": "[-62.674152, -103.14246, -110.73257, -94.719444, -75.890594, -73.02629, -90.39894]",
    "average_extracted_fsc_reachability_subset_simulated": "[1.0, 1.0, 1.0, 1.0, 1.0, 1.0, 1.0]",
    "family_performance": "[123.88251618449694, 133.4546655775684, 131.99243003067664, 124.18582102600791, 96.90509211213627, 87.93039265556585, 96.88723707512105]",
    "available_nodes_in_fsc": "[array([ True,  True,  True,  True,  True,  True,  True,  True,  True,\n        True]), array([ True,  True,  True,  True,  True,  True,  True,  True,  True,\n        True]), array([ True,  True,  True,  True,  True,  True,  True,  True,  True,\n        True]), array([ True,  True,  True,  True,  True, False,  True, False,  True,\n       False]), array([ True,  True, False,  True,  True, False,  True, False,  True,\n       False]), array([ True,  True, False,  True,  True, False,  True, False,  True,\n       False]), array([ True,  True, False,  True,  True, False,  True, False,  True,\n       False])]",
    "worst_case_pomdp_values_simulated_rl": "[]",
    "worst_case_pomdp_values_simulated_fsc": "[]",
    "was_worst_case_same_as_simulated": "[]",
    "worst_case_index_rl": "[]",
    "worst_case_index_fsc": "[]",
    "worst_case_index_paynt": "[]",
    "environment_type": "batched_vec_storm",
    "number_of_extraction_trajectories": "[]",
    "extraction_type": "si-g",
    "lstm_width": 32,
    "extraction_less": false,
    "geometric_batched_vec_storm": true,
    "periodic_restarts": false,
    "worst_case_on_subset_rl": "[]",
    "worst_case_on_subset_fsc": "[]",
    "worst_cases_reachability_rl": "[]",
    "worst_cases_reachability_fsc": "[]",
    "period_between_worst_case_evaluation": "5",
    "shrink_and_perturb_activated": "[False, False, False, False, False, False, False]",
    "nr_of_clusters": "[441, 503, 671, 870, 1321, 1380, 1105]",
    "lstm_extracted_reachability": "[]",
    "lstm_extracted_return": "[]",
    "seed": "12345",
    "initial_time": "1759130911.4137735",
    "rl_training_times": "[562.6942760944366, 1342.301518201828, 1816.3137068748474, 2227.986086368561, 2581.1932830810547, 2920.602083683014, 3244.315644264221]",
    "fsc_extraction_times": "[788.1646254062653, 1578.0796020030975, 2057.282589673996, 2461.8821907043457, 2816.7409975528717, 3155.534364938736, 3480.173976421356]",
    "family_performance_times": "[1192.5162944793701, 1668.3283412456512, 2119.5047783851624, 2476.35374379158, 2823.631562232971, 3160.767297267914, 3487.031653404236]",
    "worst_case_evaluation_times_rl": "[]",
    "worst_case_evaluation_times_fsc": "[]",
    "lstm_extracted_result_times": "[]",
    "cluster_evaluation_times": "[595.0827910900116, 1380.0433926582336, 1851.5952866077423, 2262.181570291519, 2615.40682053566, 2955.134610414505, 3278.7215859889984]"
}