{
    "number_of_pomdps_in_family": "1",
    "num_training_steps_per_iteration": "301",
    "average_rl_return_subset_simulated": "[6.382353, 6.393468, 7.1981306, 7.6455226, 7.6130843, 7.879562, 7.582878, 7.7654786]",
    "average_rl_reachability_subset_simulated": "[0.4031141868512111, 0.6671850699844479, 0.2841121495327103, 0.3451492537313433, 0.33271028037383177, 0.33394160583941607, 0.36065573770491804, 0.2945590994371482]",
    "average_extracted_fsc_return_subset_simulated": "[5.54, 5.5248537, 6.197509, 6.635112, 7.1214952, 6.917117, 6.8737025, 7.0696797]",
    "average_extracted_fsc_reachability_subset_simulated": "[0.445, 0.6067251461988304, 0.37544483985765126, 0.4165232358003442, 0.2822429906542056, 0.31891891891891894, 0.3892733564013841, 0.23728813559322035]",
    "family_performance": "[6.660865970774966, 6.188430587042628, 7.380765210829211, 7.205088612807432, 7.616854576425656, 7.611569313420279, 7.51622584084098, 7.712114457669381]",
    "available_nodes_in_fsc": "[array([ True,  True,  True,  True,  True,  True,  True,  True,  True,\n        True,  True,  True,  True,  True,  True,  True]), array([ True,  True,  True,  True,  True,  True,  True,  True,  True,\n        True,  True,  True,  True,  True,  True,  True,  True]), array([ True,  True,  True,  True,  True,  True,  True,  True,  True,\n        True,  True,  True,  True,  True,  True,  True,  True]), array([ True,  True,  True,  True,  True,  True,  True,  True,  True,\n        True,  True,  True,  True,  True,  True,  True,  True,  True,\n        True,  True]), array([ True,  True,  True,  True,  True,  True,  True,  True,  True,\n        True,  True,  True,  True,  True,  True,  True,  True,  True,\n        True,  True,  True]), array([ True,  True,  True,  True,  True,  True,  True,  True,  True,\n        True,  True,  True,  True,  True,  True,  True,  True,  True,\n        True]), array([ True,  True,  True,  True,  True,  True,  True,  True,  True,\n        True,  True,  True,  True,  True,  True,  True,  True,  True,\n        True,  True]), array([ True,  True,  True,  True,  True,  True,  True,  True,  True,\n        True,  True,  True,  True,  True,  True,  True])]",
    "worst_case_pomdp_values_simulated_rl": "[]",
    "worst_case_pomdp_values_simulated_fsc": "[]",
    "was_worst_case_same_as_simulated": "[]",
    "worst_case_index_rl": "[]",
    "worst_case_index_fsc": "[]",
    "worst_case_index_paynt": "[]",
    "environment_type": "batched_vec_storm",
    "number_of_extraction_trajectories": "[]",
    "extraction_type": "alergia",
    "lstm_width": 32,
    "extraction_less": false,
    "geometric_batched_vec_storm": true,
    "periodic_restarts": false,
    "worst_case_on_subset_rl": "[]",
    "worst_case_on_subset_fsc": "[]",
    "worst_cases_reachability_rl": "[]",
    "worst_cases_reachability_fsc": "[]",
    "period_between_worst_case_evaluation": "5",
    "shrink_and_perturb_activated": "[False, False, False, False, False, False, False, False]",
    "nr_of_clusters": "[221, 197, 142, 137, 153, 152, 156, 156]",
    "lstm_extracted_reachability": "[]",
    "lstm_extracted_return": "[]",
    "seed": "23456",
    "initial_time": "1757538024.1651366",
    "rl_training_times": "[304.043607711792, 1244.7454669475555, 2491.2704157829285, 3074.0010681152344, 3531.5460937023163, 4033.9176392555237, 4560.644018411636, 5092.111039400101]",
    "fsc_extraction_times": "[437.13793992996216, 1377.248571395874, 2624.3219695091248, 3209.7701165676117, 3672.0706980228424, 4171.793884754181, 4701.240636110306, 5231.04118180275]",
    "family_performance_times": "[1111.27938580513, 2362.9187030792236, 2939.5312769412994, 3400.0750172138214, 3890.33518242836, 4428.049757003784, 4958.2097380161285, 5732.540424585342]",
    "worst_case_evaluation_times_rl": "[]",
    "worst_case_evaluation_times_fsc": "[]",
    "lstm_extracted_result_times": "[]",
    "cluster_evaluation_times": "[343.66715955734253, 1284.6528425216675, 2531.0843546390533, 3115.903379201889, 3571.8994991779327, 4074.8364958763123, 4603.346124887466, 5134.30437707901]"
}