{
    "number_of_pomdps_in_family": "1",
    "num_training_steps_per_iteration": "301",
    "average_rl_return_subset_simulated": "[6.382353, 6.7755775, 7.489642, 7.5617976, 7.624046, 7.6654477]",
    "average_rl_reachability_subset_simulated": "[0.4031141868512111, 0.5759075907590759, 0.2843691148775895, 0.26217228464419473, 0.22900763358778625, 0.3656307129798903]",
    "average_extracted_fsc_return_subset_simulated": "[5.56734, 5.443411, 6.432282, 6.453552, 7.0828514, 6.8212996]",
    "average_extracted_fsc_reachability_subset_simulated": "[0.4090909090909091, 0.5364341085271318, 0.2727272727272727, 0.31876138433515483, 0.13680154142581888, 0.3104693140794224]",
    "family_performance": "[6.7135181430315924, 6.277191528430244, 7.3416606153215085, 7.326743407911819, 7.9112143093263265, 7.659729705400915]",
    "available_nodes_in_fsc": "[array([ True,  True,  True]), array([ True,  True,  True]), array([ True,  True,  True]), array([ True,  True,  True]), array([ True,  True,  True]), array([ True,  True,  True])]",
    "worst_case_pomdp_values_simulated_rl": "[]",
    "worst_case_pomdp_values_simulated_fsc": "[]",
    "was_worst_case_same_as_simulated": "[]",
    "worst_case_index_rl": "[]",
    "worst_case_index_fsc": "[]",
    "worst_case_index_paynt": "[]",
    "environment_type": "batched_vec_storm",
    "number_of_extraction_trajectories": "[]",
    "extraction_type": "si-g",
    "lstm_width": 32,
    "extraction_less": false,
    "geometric_batched_vec_storm": true,
    "periodic_restarts": false,
    "worst_case_on_subset_rl": "[]",
    "worst_case_on_subset_fsc": "[]",
    "worst_cases_reachability_rl": "[]",
    "worst_cases_reachability_fsc": "[]",
    "period_between_worst_case_evaluation": "5",
    "shrink_and_perturb_activated": "[False, False, False, False, False, False]",
    "nr_of_clusters": "[221, 164, 131, 146, 137, 125]",
    "lstm_extracted_reachability": "[]",
    "lstm_extracted_return": "[]",
    "seed": "23456",
    "initial_time": "1757486518.7386563",
    "rl_training_times": "[350.4193150997162, 3300.624742269516, 4440.596029996872, 5203.113830566406, 5937.720260858536, 6702.752265453339]",
    "fsc_extraction_times": "[760.6071639060974, 3701.4252305030823, 4851.137234449387, 5610.584429979324, 6365.237927913666, 7077.84934592247]",
    "family_performance_times": "[3157.6718986034393, 4285.1743886470795, 5053.3186457157135, 5778.160378694534, 6552.503633022308, 7140.358937501907]",
    "worst_case_evaluation_times_rl": "[]",
    "worst_case_evaluation_times_fsc": "[]",
    "lstm_extracted_result_times": "[]",
    "cluster_evaluation_times": "[395.66744112968445, 3343.4958758354187, 4484.105494022369, 5246.844492435455, 5984.422770500183, 6744.727438211441]"
}