{
    "number_of_pomdps_in_family": "1",
    "num_training_steps_per_iteration": "301",
    "average_rl_return_subset_simulated": "[7.7406015, 7.5978837, 7.548387, 7.8909426, 7.944134, 7.858801, 7.8631177, 8.140684, 7.981447]",
    "average_rl_reachability_subset_simulated": "[0.24436090225563908, 0.4567901234567901, 0.41935483870967744, 0.3419593345656192, 0.31843575418994413, 0.16054158607350097, 0.2718631178707224, 0.2414448669201521, 0.3246753246753247]",
    "average_extracted_fsc_return_subset_simulated": "[6.4943395, 6.64476, 6.8982143, 6.5232, 6.885246, 7.0629773, 7.114286, 6.888476, 6.878354]",
    "average_extracted_fsc_reachability_subset_simulated": "[0.25660377358490566, 0.39431616341030196, 0.3535714285714286, 0.5088, 0.30601092896174864, 0.16030534351145037, 0.17142857142857143, 0.24535315985130113, 0.33094812164579607]",
    "family_performance": "[7.113404559620416, 7.094041311258315, 7.303659307319359, 7.068592556092847, 7.7768472936863295, 7.875551490210195, 8.04835280087167, 7.773390731028916, 7.502501709723289]",
    "available_nodes_in_fsc": "[array([ True,  True,  True,  True,  True,  True,  True,  True,  True,\n        True,  True]), array([ True,  True,  True,  True,  True,  True,  True,  True,  True,\n        True,  True,  True,  True,  True,  True,  True,  True]), array([ True,  True,  True,  True,  True,  True,  True,  True,  True,\n        True,  True,  True,  True,  True,  True,  True,  True,  True,\n        True,  True]), array([ True,  True,  True,  True,  True,  True,  True,  True,  True,\n        True,  True,  True,  True,  True,  True,  True,  True,  True]), array([ True,  True,  True,  True,  True,  True,  True,  True,  True,\n        True,  True,  True,  True,  True,  True,  True,  True,  True]), array([ True,  True,  True,  True,  True,  True,  True,  True,  True,\n        True,  True,  True,  True,  True,  True,  True]), array([ True,  True,  True,  True,  True,  True,  True,  True,  True,\n        True,  True,  True,  True,  True,  True,  True,  True,  True]), array([ True,  True,  True,  True,  True,  True,  True,  True,  True,\n        True,  True,  True,  True,  True,  True,  True,  True,  True,\n        True,  True,  True,  True]), array([ True,  True,  True,  True,  True,  True,  True,  True,  True,\n        True,  True,  True,  True,  True,  True,  True,  True,  True,\n        True,  True,  True,  True,  True])]",
    "worst_case_pomdp_values_simulated_rl": "[]",
    "worst_case_pomdp_values_simulated_fsc": "[]",
    "was_worst_case_same_as_simulated": "[]",
    "worst_case_index_rl": "[]",
    "worst_case_index_fsc": "[]",
    "worst_case_index_paynt": "[]",
    "environment_type": "batched_vec_storm",
    "number_of_extraction_trajectories": "[]",
    "extraction_type": "alergia",
    "lstm_width": 32,
    "extraction_less": false,
    "geometric_batched_vec_storm": true,
    "periodic_restarts": false,
    "worst_case_on_subset_rl": "[]",
    "worst_case_on_subset_fsc": "[]",
    "worst_cases_reachability_rl": "[]",
    "worst_cases_reachability_fsc": "[]",
    "period_between_worst_case_evaluation": "5",
    "shrink_and_perturb_activated": "[False, False, False, False, False, False, False, False, False]",
    "nr_of_clusters": "[188, 162, 177, 210, 222, 215, 250, 224, 173]",
    "lstm_extracted_reachability": "[]",
    "lstm_extracted_return": "[]",
    "seed": "12345",
    "initial_time": "1757454064.6464062",
    "rl_training_times": "[337.5942633152008, 885.4304280281067, 1288.5041387081146, 1962.0503015518188, 2379.5730311870575, 2899.0327253341675, 3850.7015829086304, 4420.014666318893, 5059.63912153244]",
    "fsc_extraction_times": "[482.95027351379395, 1030.936373949051, 1689.3579828739166, 2115.2432749271393, 2531.279674053192, 3056.7043414115906, 4003.912580013275, 4578.95237660408, 5221.175142049789]",
    "family_performance_times": "[743.2690269947052, 1145.0691566467285, 1816.5019917488098, 2230.5418405532837, 2753.0946192741394, 3699.093326330185, 4265.908878803253, 4912.226845741272, 5427.796365976334]",
    "worst_case_evaluation_times_rl": "[]",
    "worst_case_evaluation_times_fsc": "[]",
    "lstm_extracted_result_times": "[]",
    "cluster_evaluation_times": "[380.1547212600708, 929.7034497261047, 1331.2990136146545, 2010.26496052742, 2424.6142811775208, 2942.4426126480103, 3896.136782884598, 4466.600869655609, 5107.125653505325]"
}